sim_id,trajectory_type,disturbed_inputs,simulation_time (s),time_sample (s),N,M,mpc_success,num_iterations,mpc_RMSe,mpc_execution_time (s),operation,failed_rotors,ang_speed_percentages (%),mpc_min_phi (rad),mpc_max_phi (rad),mpc_mean_phi (rad),mpc_std_phi (rad),mpc_min_theta (rad),mpc_max_theta (rad),mpc_mean_theta (rad),mpc_std_theta (rad),mpc_min_psi (rad),mpc_max_psi (rad),mpc_mean_psi (rad),mpc_std_psi (rad),mpc_max_omega0 (rad/s),mpc_max_omega1 (rad/s),mpc_max_omega2 (rad/s),mpc_max_omega3 (rad/s),mpc_max_omega4 (rad/s),mpc_max_omega5 (rad/s),mpc_max_omega6 (rad/s),mpc_max_omega7 (rad/s),nn_success,nn_execution_time (s),nn_RMSe,nn_min_phi (rad),nn_max_phi (rad),nn_mean_phi (rad),nn_std_phi (rad),nn_min_theta (rad),nn_max_theta (rad),nn_mean_theta (rad),nn_std_theta (rad),nn_min_psi (rad),nn_max_psi (rad),nn_mean_psi (rad),nn_std_psi (rad),nn_max_omega0,nn_max_omega1,nn_max_omega2,nn_max_omega3,nn_max_omega4,nn_max_omega5,nn_max_omega6,nn_max_omega7,radius (m),period (s),inter_position_RMSe,RMSe_u0,RMSe_u1,RMSe_u2,RMSe_u3,RMSe_u4,RMSe_u5,RMSe_u6,RMSe_u7
1,circle_xy,False,3.0,0.02,60,10,True,149.0,4.6067339414980335,3.9173270001774654,normal,nan,100.0-100.0-100.0-100.0-100.0-100.0-100.0-100.0,-0.6562810522944037,0.7028282086432316,0.06983184172159848,0.44616978580485667,-0.5883574745220106,0.6383652672919687,-0.02338590983577201,0.3112036548024485,-0.9111946168760108,0.2440136770040885,-0.32163779846947754,0.3452116234302598,286.8444193375021,280.1690506397853,282.4755568131482,276.11798742255945,282.42621434611084,279.2286181073185,286.8905987753202,282.42428390762774,True,0.6147657000692561,4.578575127513002,-0.6278303578646229,0.7123363097332102,0.0470620054042149,0.4441140109961855,-0.6410021774874146,0.5953851703350459,-0.02132391627713987,0.31115043413444543,-0.7498993229516475,0.15744812153518872,-0.25916184214466026,0.2731305383961269,290.224548845857,285.00743217369046,285.98072675021643,279.054029833043,279.5734597968291,279.97525873578917,278.7898563412726,283.8029769886892,4.0,1.0,0.3277954345790846,6.630818594390658,4.40396846345472,5.404525138245064,4.559698776205176,5.734639250427995,5.095342644775318,5.938410261863797,5.302127462167111
2,circle_xy,False,3.0,0.02,60,10,True,149.0,5.834186296719633,4.3350104002747685,normal,nan,100.0-100.0-100.0-100.0-100.0-100.0-100.0-100.0,-0.7044972373372123,0.7165044784552834,-0.10794012951804989,0.464512452651288,-0.6701607350898109,0.7065532092920948,-0.05002010027249564,0.36278269389692863,-0.3007622883010892,1.168005258344551,0.45949344142197796,0.43471589401278704,282.3606034915905,288.8666503512163,281.97565493537263,293.8039642908001,289.1063441908155,298.41563464356176,289.05184909349157,294.1160704247966,True,0.6098485002294183,5.8781444488590155,-0.8400997192148889,0.673050990028914,-0.05293980895326141,0.3938359566045222,-0.6494596163001932,0.6647188903055924,-0.028751831575707588,0.3495636407802219,-0.16834867911752988,1.0710723774470952,0.30493854275380644,0.3754498786196248,263.24139628846575,257.5909188704582,255.5993557949291,261.4542498520477,262.63589409862226,272.41659323385045,261.884789071813,261.7273794098881,5.0,1.0,0.5811461968870228,14.705763035779341,18.097995068475374,14.114102633162757,18.913964826930687,16.550481652468346,18.40881443531718,16.42167852216127,15.58561339752311
3,circle_xy,False,6.0,0.02,60,10,True,299.0,4.13477471394043,8.87506119988393,normal,nan,100.0-100.0-100.0-100.0-100.0-100.0-100.0-100.0,-0.7188227628027235,0.7191624035652355,0.03472424912845384,0.5721597180490448,-0.7097729997233357,0.7099554434828029,0.008534366372889284,0.5368875922008953,-1.0912069712868668,0.06615691584954825,-0.6378167675657336,0.2823696936553298,314.4550881107169,315.6600839281071,305.7900445835535,295.0869488632545,299.9262744705972,301.35312549238944,293.0713798623661,314.244784721794,True,1.9947458989918232,4.143623046455616,-0.7543768688566832,0.7722470266784779,0.015811281424147883,0.5646047787392078,-0.7675061333675443,0.779566509603323,0.0186872716891936,0.5305562957163855,-1.1424145399080519,0.0659069102552093,-0.5907416043972347,0.29492634675672924,303.7003050935097,309.4919542559464,294.6100707892285,296.83883182455156,296.1444780148115,297.48606865757,303.22386262416586,303.7614272738251,4.0,2.0,0.603486877134648,9.346614048859736,9.695086249647787,15.854137521086056,10.457609795928256,9.42869897600483,10.867517101457224,10.914703609255103,11.661492759344636
4,circle_xy,False,6.0,0.02,60,10,True,299.0,5.210680709613263,8.42927980038803,normal,nan,100.0-100.0-100.0-100.0-100.0-100.0-100.0-100.0,-0.7239265643807433,0.7234224158877266,0.023210629224835532,0.586041049168989,-0.7106732578877073,0.7092778253900289,0.0037555057342677383,0.559603420359591,-1.1603389382954605,0.07708703404645106,-0.6243418863595666,0.28861702492696517,339.2188759668467,335.7418686258352,322.94804836836045,320.6857399608994,329.14859556631353,327.77069533931757,316.0172368364978,337.13059180618006,True,1.4644024000735953,5.286846197430639,-0.7968768769304296,0.7594896108356436,-0.018079011809503845,0.5582949198180506,-0.7835068439982383,0.8163594700024472,0.02065780748471604,0.5410870119251329,-1.2434967116895435,0.5088044796606621,-0.4590946493943104,0.4724385142153922,311.0776408699914,320.8018691030957,297.9596650431108,306.0547998266377,311.4279182791001,301.1243928137476,313.45970377220414,310.9313218782066,5.0,2.0,1.1388312527187148,19.086662548489933,15.0834296875939,22.311059811813944,15.44306789876822,20.193904251476862,19.36278778035351,18.811938731494067,21.67316850338823
5,circle_xy,False,9.0,0.02,60,10,True,449.0,3.470848332323374,11.845789899642114,normal,nan,100.0-100.0-100.0-100.0-100.0-100.0-100.0-100.0,-0.713000031553729,0.723096422490459,-0.0167243225826638,0.559844271166127,-0.7104450811118499,0.7094242352166151,-0.027327299462135045,0.5724159906808538,-0.4050048770502301,0.9213878850404954,0.43323033657349647,0.3092611566958155,304.7875580235185,314.69337899037464,312.52653183280637,312.9517966160149,307.56260563075756,306.01699970464347,306.5692265283369,310.5764340515086,True,2.0934398997342214,4.000098310106391,-0.774879243581921,0.7951696977782938,-0.13592557682771997,0.504967224514236,-0.7565614557352371,0.7734701741570057,0.043549427707512973,0.6091292040271651,-0.3540677437895938,1.1725422864802377,0.3137171889137302,0.4302680207660652,323.1617084817184,316.77861436762703,326.6798093600635,321.7725951450814,323.4059157160642,324.4156913718664,327.18546470313737,320.819396869046,4.0,3.0,1.7411498815239208,30.435421847844722,32.439423612733705,33.393441900057155,33.96562814910471,30.268190310109407,36.06207104567185,30.471523507008822,32.402283130918924
6,circle_xy,False,9.0,0.02,60,10,True,449.0,4.679865654556341,11.64727900014259,normal,nan,100.0-100.0-100.0-100.0-100.0-100.0-100.0-100.0,-0.7241601591784289,0.7283215371361659,-0.019173647198623484,0.5879237936126388,-0.7114978710929304,0.7114892940326277,-0.03948689177765197,0.6142316847447323,-1.087003988929495,0.388096164284173,-0.41289562787636275,0.35434268022893234,331.0928081741744,329.9183459018281,336.3628366726211,334.4923013627556,328.28837368141853,332.0540581060052,342.77078776290165,324.2322411370234,True,2.153940000454895,4.4499839896109,-0.8150610143617895,0.7546751725768448,-0.06059259979017152,0.5688402141006009,-0.7598204648826947,0.7657743625260186,-0.021335423235943014,0.6159749549503296,-1.0913097036919879,0.4342414361814715,-0.4584704922306082,0.3645554802294863,314.8521346608588,328.65398833778016,323.8927139406191,318.14197421588824,324.3805483940048,312.1667494210842,322.2773132668497,312.0542858744271,5.0,3.0,1.7618832169371454,48.16883906429988,42.3880093108629,47.68206181276587,43.57039324902963,47.750145098047206,42.726266955276806,46.66294242635027,42.958033695816205
7,circle_xy,False,12.0,0.02,60,10,True,599.0,3.0475755821758654,20.584007499099243,normal,nan,100.0-100.0-100.0-100.0-100.0-100.0-100.0-100.0,-0.7205166968805333,0.7198874134860686,-0.07217730315812473,0.5165724706514323,-0.710008973106024,0.7014440839306769,0.16331869616972416,0.4709413522185625,-0.3077006850638531,0.9832971357663042,0.2338516614467309,0.33850272888885713,313.5348726748206,333.94709775117144,329.0609452565781,331.56918050898963,322.51058113384465,330.519631777785,329.53375495653916,333.9477674162549,True,2.781428800779395,3.4350347481082197,-0.7638422809776868,0.7217809677739678,-0.12107586678085001,0.5128051022411072,-0.7317586688870978,0.7236319788968615,0.0927495638490731,0.5049447360614618,-0.4307449082625864,0.9406082104760742,0.20592804391279007,0.4056241747750765,328.46052073153174,319.3349185497468,332.8733082894234,321.61334102661044,328.50156084909236,324.98969881055257,328.96011278480455,325.60808687657493,4.0,4.0,1.3410505550265874,40.74798424201768,34.39759159532934,34.173685649908464,36.76667804383062,36.13226676650801,37.47096009952519,34.258322762532195,35.542376580892515
8,circle_xy,False,12.0,0.02,60,10,True,599.0,4.423945396889942,18.634447000396904,normal,nan,100.0-100.0-100.0-100.0-100.0-100.0-100.0-100.0,-0.7333151654304912,0.7235056395686482,0.04352571336764954,0.5901478199971704,-0.7104022788702815,0.710628197761884,-0.08249445212129232,0.5532669708355415,-1.0018427157649767,0.47996619908577765,-0.23163025878804763,0.38485920191134054,342.7707879842586,341.4667644111488,342.77078797489605,340.56742782472077,342.2457645525465,341.84435183234865,342.7707879680928,341.8973999014164,True,4.1521767998929136,4.117594856493387,-0.7433210820199492,0.7716798058870834,0.116090475643888,0.5783558429562211,-0.7382478225475334,0.7436764693503755,0.08677398175946624,0.5516028110986806,-1.0430471953054212,0.45676423076238853,-0.2582560305180259,0.3545225655382766,322.920105650613,326.09314240377086,328.22701576837306,326.5347093762101,326.7256081506423,329.34151282873165,325.03419457271576,328.3691461387187,5.0,4.0,2.3507692651747343,48.23405791210896,46.43503237895551,46.432690038091735,45.57090686209067,46.30612103478903,45.380274327398276,48.327402046775426,45.2271195150964
9,circle_xy,False,15.0,0.02,60,10,True,749.0,2.1221888816133,19.618368300551083,normal,nan,100.0-100.0-100.0-100.0-100.0-100.0-100.0-100.0,-0.7129400409956613,0.7072030925154958,0.003353305054675764,0.4745951971619745,-0.6037906391994758,0.7018800779855686,0.061541985367604655,0.4230710040185402,-0.45074615478943214,0.8575037430018678,0.19327024758997965,0.2810899518419017,293.21205199757645,304.0419219957019,295.1616063245772,303.07425676580027,293.9310511968493,302.0322586475849,292.6891123100029,303.20587440777945,True,3.3594661995302886,2.478503791475703,-0.7104984459597335,0.7495981036795968,-0.00522376764531401,0.46953952162200435,-0.6813515167925386,0.7188029315545645,0.06837115519764751,0.4695123241133146,-0.8716098574641595,0.9226526591502103,0.15655649861337226,0.3471851153273808,307.3990181258648,305.20698099877904,313.94380938197617,309.8728406758436,307.91651669471673,307.41246847048507,311.3134841554688,304.2496687476844,4.0,5.0,0.6927619368657157,16.921182050391522,16.72621783127414,16.977609378969227,16.932229379391025,16.96085909287521,16.922256095462632,17.37483471964816,16.383280276950643
10,circle_xy,False,15.0,0.02,60,10,True,749.0,3.1193479845073284,20.894746699137613,normal,nan,100.0-100.0-100.0-100.0-100.0-100.0-100.0-100.0,-0.7208772799291988,0.7384053543046923,0.015902279803143873,0.5324807992430816,-0.7083570689114841,0.703469904628438,-0.001459478686290602,0.4830336207896886,-0.8423080669814924,0.9395157273089141,0.19522970528922254,0.34910504073728277,329.2875225790195,328.7741381741271,341.5757329098585,337.76306036409534,328.3006684990099,332.8042201206693,335.46732721989997,337.0239382616572,True,3.995202900550794,6.069130650981458,-0.7764130699139663,0.7740644261100865,0.01402230362266903,0.5421881369241347,-0.769459870617341,0.7850957947325703,-0.04117299068020794,0.5488555376413423,-1.232291265755924,1.3967541765079352,0.08534806861808998,0.6084824770025485,328.47749870735055,326.1818441551298,335.2164150231509,330.139459056556,326.7786269293129,326.8958225866718,330.4811704264593,324.73422061505414,5.0,5.0,4.400338901050224,41.56838247064134,52.40954374377535,41.84348351826868,58.57119202708924,41.138230070484255,49.87775623445948,46.71396693382111,47.108416201437855
11,circle_xy,False,18.0,0.02,60,10,True,899.0,1.1642350058381654,21.85905910161091,normal,nan,100.0-100.0-100.0-100.0-100.0-100.0-100.0-100.0,-0.6943742123043284,0.6479935944675843,-0.0032529113143323586,0.4016260542367345,-0.7007514040630014,0.4707374670068369,-0.0274464493740396,0.29083615253649736,-0.5804207388921749,0.17778539134610974,-0.11989279525738925,0.17223778667586404,294.50727322173236,288.4358561439881,294.5938714216197,288.9733427746026,295.17144630625006,289.3286933811536,295.06985028628185,288.7918812526104,True,5.663425000326242,1.1288572330200257,-0.6519976657489525,0.6143728789051667,-0.0075396038944348315,0.38396992393253343,-0.7043504136931877,0.5121419295638596,-0.016754512264932464,0.2951894963541786,-0.5300257584715616,0.17331826255645058,-0.11573181343340909,0.1659137720321284,285.9594361482874,281.01812595809565,286.3651651755081,279.293022204755,288.16655323386266,282.8067136300403,285.0113815973573,283.99527975361184,4.0,6.0,0.2629131965399197,8.338156208907742,8.021894792950384,8.625935443222572,8.125376759442668,8.730637311813394,7.953645889202713,8.695132626657207,7.998046210461187
12,circle_xy,False,18.0,0.02,60,10,True,899.0,5.033018546545432,23.77992850006558,normal,nan,100.0-100.0-100.0-100.0-100.0-100.0-100.0-100.0,-0.722020104704485,0.7159209539729539,0.06439226352093494,0.6005443392021044,-0.7136684241840411,0.7133365037446944,-0.03216893484002659,0.4668431170398737,-1.1929456850741507,0.9620605592864491,-0.06617698143735327,0.57219797746936,322.001412577312,326.65405957804853,319.40903651939453,329.2038509119417,318.895755479316,325.71292530649976,331.3989881280316,323.32648154211114,True,4.455409499292728,4.700077538131888,-0.7651223681824394,0.7544810011610493,0.0978257088231361,0.5559680091679711,-0.7850891648827124,0.74999810797468,-0.06510922384488571,0.45710624924626375,-1.0975065018652077,0.7898491065544104,-0.11450017176287973,0.5196992990943736,314.3438086324626,319.61384874456405,318.94977224086233,322.21996840446013,322.78011377856194,327.22789656682266,322.74845939549084,326.82429828145587,5.0,6.0,1.243840903846033,20.585018004497783,21.076790884633226,22.54510890316042,23.176007321361183,21.277235749076144,19.83663809813153,26.188374051624024,20.52636862821361
13,circle_xy,False,21.0,0.02,60,10,True,1049.0,0.7012612770251434,23.71547270123847,normal,nan,100.0-100.0-100.0-100.0-100.0-100.0-100.0-100.0,-0.49315871919408955,0.5495659576872133,0.005127874933256069,0.2646135050692178,-0.3794751492215866,0.7002078526981066,0.028545504845850493,0.2708765539884976,-0.3922930869157017,0.1475563166218459,-0.0607702454159315,0.08171146210766844,282.5797273206027,278.3895695652118,282.73277908532293,277.94663663588443,282.24429508016436,277.4805936605049,282.04283493716684,277.9410007293152,True,4.6323190984549,0.8649964299790003,-0.572496645748407,0.5417147990800365,0.00547611553949081,0.2752092572229284,-0.5385545090690957,0.7076161290962955,0.02634109823345836,0.2961377436183468,-0.47588603686090397,0.1249216171711849,-0.08305129516486331,0.1029094835645607,284.8703678327577,281.3150352381558,287.59140946305354,279.92071234043544,285.81949246807653,280.58171649280075,283.8531418607838,281.91320967263215,4.0,7.0,0.3102985259989251,10.218596813363574,10.352132558241424,10.5837387283268,10.140872087386978,10.229188014721363,10.173964572487954,10.658185120455343,10.254320232890805
14,circle_xy,False,21.0,0.02,60,10,True,1049.0,1.3562797116740073,26.300282699114177,normal,nan,100.0-100.0-100.0-100.0-100.0-100.0-100.0-100.0,-0.6916577503071913,0.6828475750648545,0.010564772345326174,0.3397085237595039,-0.7012136961028927,0.6999674289364304,-0.03418673333495398,0.3703673497847583,-0.145199014929362,0.5601563950083355,0.12118031789396728,0.1558634280774551,298.0779233294628,303.60350867732546,297.8088139501725,303.51521903862334,297.8040381527804,303.7315991327611,298.07313238507925,303.78022486786676,True,4.169524999335408,1.6382599111809,-0.6668502101945023,0.7047504395294913,0.01944621243336258,0.3576060610659125,-0.7009660527358496,0.7070592713060538,-0.021664688261111578,0.3905584700091015,-0.15511890950734955,0.43295502209491743,0.110307992213138,0.15328901765609054,294.94003524709973,297.1033314777579,294.90501692818316,301.23557536402797,294.4228108769652,300.97579664503223,295.08019799788127,300.437818859882,5.0,7.0,0.7023942156582572,23.375956745916255,23.43252335338397,22.739428235678158,23.518307430600885,22.40667094102551,23.469822420904805,23.112832982701935,23.247051479078664
15,circle_xy,False,12.5,0.02,60,10,True,624.0,0.5989203120984657,13.533979100000579,normal,nan,100.0-100.0-100.0-100.0-100.0-100.0-100.0-100.0,-0.37084750259648014,0.19710972813379876,-0.035699295053169405,0.16153049780342607,-0.3208475671339884,0.7001095112906607,0.01565938703875775,0.21947506623541313,-0.101059807081506,0.21753533591252378,0.025271750140404215,0.051500409206866986,269.78482517374664,273.1727622932954,270.456070448827,273.38030082903805,270.201715172184,272.6972020648789,269.6011364889981,272.435896081142,True,2.368272700579837,0.6716153300725668,-0.4036352131412244,0.27530284795638116,-0.03737643931087821,0.1663871623871028,-0.4640375732343268,0.7007288898752073,0.017582094146102626,0.22897739214937374,-0.10738822096571606,0.2835672099553198,0.0439098283636922,0.06712028171967119,271.31424388417895,276.20538764469615,272.38963255475426,276.3456575421745,273.36164234848064,276.15835559213366,270.33557560749483,275.6251661024109,5.0,10.0,0.17799022338254378,3.0111613260373606,2.8390134013020423,2.9248338475927307,2.7646503268073164,3.1786687100247217,2.8781769044523133,3.0853172937226407,2.904878153462574
16,circle_xy,False,12.5,0.02,60,10,True,624.0,0.7108658154133147,14.440777700161561,normal,nan,100.0-100.0-100.0-100.0-100.0-100.0-100.0-100.0,-0.4056439429958162,0.20977148471366105,-0.04111876893475187,0.17897725441238418,-0.7002656007077576,0.3655134979315938,-0.01864653137185151,0.23668264547990617,-0.2524710797703525,0.09965120226825673,-0.030652587822762003,0.05938351574068374,280.2373417382869,276.8762425891598,280.0379600078687,277.2137367892989,280.6480726368016,277.6785240780394,280.8533559196056,277.3667998620975,True,4.108753800042905,0.7686503651939756,-0.41360031862779806,0.2711420332073653,-0.04750514302667565,0.19593908098174243,-0.7018536891137437,0.46920255329249866,-0.014430582765561983,0.2452093797032699,-0.2952360290115946,0.08599833595067609,-0.04740692888498051,0.07101477612943329,278.7740290654193,274.5743121881806,277.8736187105496,272.8786216723277,279.1657387290304,275.1647729181432,277.70635821569965,276.25898903740017,5.5,10.0,0.1868307177255518,7.254717803923185,7.107753276166157,7.723381029441283,7.599955889022232,7.6780723935971915,7.586847237121412,7.481994803602364,7.067467575157536
17,circle_xy,False,12.5,0.02,60,10,True,624.0,0.8348862620946979,16.223112801206298,normal,nan,100.0-100.0-100.0-100.0-100.0-100.0-100.0-100.0,-0.230243343528054,0.44127621532109723,0.04725032570570866,0.1961462928861416,-0.424299310145043,0.7004276504089187,0.021326113413063938,0.25360569308826303,-0.2851471372150678,0.09790839568093695,-0.037070867386084186,0.06644972798183543,288.01107219527734,284.92009382137496,288.2003404930564,284.5663217873746,287.57238914089965,284.0578517983921,287.3868927294782,284.4122571973,True,3.590207200089935,0.9586009486347414,-0.36667068677002046,0.4592011836474327,0.055487591961517195,0.21769761963199558,-0.657164506551613,0.7132472553481065,0.024070978755372126,0.2766360671254963,-0.3534145266263166,0.08456340446393609,-0.060225076072046566,0.0878115743423109,291.41160087660194,286.4931334303222,290.97672225992505,286.2822939739743,292.4249739553142,286.88476462456066,288.28320646064714,287.4205199146732,6.0,10.0,0.26996103536534893,8.251635806849336,8.237877343097956,7.8163566396488635,8.210917225916557,7.835198919206984,8.053582204896566,7.7907010433468615,8.253796894071664
18,circle_xy,False,12.5,0.02,60,10,True,624.0,0.9748196126693937,18.452183800109196,normal,nan,100.0-100.0-100.0-100.0-100.0-100.0-100.0-100.0,-0.2627295408082978,0.47680309689940464,0.054230491426199706,0.21308056083934548,-0.4965056635317429,0.7005114183978912,0.023134864524696402,0.2718320093206595,-0.3187844169867099,0.09683831530812838,-0.04478334177882801,0.07319813123550375,295.886976970331,292.47927443058023,295.968135919202,292.0959952091766,295.40275974021205,291.7093989562771,295.3214635565651,292.09318662294424,True,3.6199794996646233,1.134129128987356,-0.4779244111757583,0.5008315124280842,0.06643661055279405,0.2437506958222916,-0.6979284183662647,0.7176204121472249,0.03029144197666402,0.29897598897744415,-0.38988400849422494,0.08440967087982251,-0.06740252904949245,0.10595578433865845,300.733830385406,295.6329912613216,300.49037525608674,295.53969081428994,301.7473383614155,296.0839671829628,297.4717870747821,297.0398825829801,6.5,10.0,0.3279306917751525,8.987813133161994,9.671100869180602,8.634654943807051,9.513995554284099,8.586620401216793,9.229453670071308,8.634639965809345,9.521335299971271
19,circle_xy,False,12.5,0.02,60,10,True,624.0,1.1339036978522083,14.453094599710312,normal,nan,100.0-100.0-100.0-100.0-100.0-100.0-100.0-100.0,-0.5131763704952582,0.3193267135706785,-0.06199978834408689,0.2304999835184226,-0.5772761225622146,0.7007223046435916,0.023907125175310212,0.29213763392219805,-0.09602468144886031,0.3485891400399973,0.05390798504197687,0.0797971908335316,299.42992829425754,303.4583521592444,299.8783678770715,303.8245480626683,300.0092208554134,303.5328618551435,299.56097855162886,303.166312842934,True,3.69562690082239,1.387221592286565,-0.5624674380361878,0.3652999667030707,-0.052976070291064194,0.2489057355955265,-0.6953026756075289,0.7218779659890868,0.01850528887133391,0.33185321166503484,-0.13040532718416534,0.3958312339103875,0.06429495082533253,0.10164864706683147,303.37627054990776,311.6701776800853,308.4344159063242,310.23327638810997,306.10778806105355,310.00222501008204,305.231073214232,310.11031752941625,7.0,10.0,0.5223437506220072,19.613921491637363,19.770436898247226,19.198471112559567,20.48223455090984,20.023715089146048,20.38658613132335,19.74525887808882,19.82594481789532
20,circle_xy,False,12.5,0.02,60,10,True,624.0,1.3163738535430511,17.543530399387237,normal,nan,100.0-100.0-100.0-100.0-100.0-100.0-100.0-100.0,-0.39634702835691393,0.5502499188433144,0.0706699158592517,0.24952419517774094,-0.7008929636443851,0.6715901900748197,-0.02339011429455362,0.3148943372336511,-0.0956686471403998,0.37388214500378414,0.0646005412338428,0.08698250461267616,307.8106269076103,311.56928143868765,307.4553193986182,311.1778941065438,307.1756365934907,311.3200312958526,307.53786979226356,311.68346398275935,True,2.9995925000403076,1.331145571943519,-0.40873690226059334,0.6197716409267486,0.054916245954953834,0.2541851887562481,-0.6950369398171682,0.5770146313264363,-0.021311228907415398,0.3085093284017648,-0.11410008540539764,0.18597734182603218,0.06229607770266762,0.06488583308817547,311.1915563624858,309.1771548165657,312.86832214253275,312.45790042110843,308.9381836168731,313.1110260703583,311.7785599297106,313.0560578478058,7.5,10.0,0.3812445459943539,14.890094101223085,15.254732826606661,14.783511162964647,14.389902372655738,14.172837044301406,14.470870201575533,14.752902638294588,14.94137588861519
21,circle_xy,False,12.5,0.02,60,10,True,624.0,1.5243762099917846,19.72352670005057,normal,nan,100.0-100.0-100.0-100.0-100.0-100.0-100.0-100.0,-0.5880584645181192,0.4571023491060354,-0.07946753930301165,0.2707602521658162,-0.7010233255003012,0.6998293883224431,-0.02269808379458293,0.3370989240038058,-0.3949050596228503,0.09555510016120579,-0.07433330787761712,0.09339495307703863,319.20339243228915,315.2214309092468,319.5005947476444,315.66211320494494,319.73092520733513,315.55157723860094,319.4590011753851,315.1603443478623,True,5.226132700103335,1.7020749864152647,-0.8064394547257255,0.4974520889782175,-0.0809953061722154,0.3084386661536451,-0.7035406643745012,0.7039302613504287,-0.013635917816897518,0.3560343084941799,-0.3897095356127232,0.10827248590172123,-0.09577037520415839,0.10855985268326236,315.96481897142223,312.0038640795863,319.4899806978343,311.69888446011174,315.100680377105,315.8360336169074,317.240817943834,315.15933801229556,8.0,10.0,0.5219639649977362,23.760498670308102,23.75499033955205,24.420737261917957,24.759091378023335,24.67686863563638,24.5804036418981,24.5956495036679,23.213479294433437
22,circle_xy,False,12.5,0.02,60,10,True,624.0,1.7628138681228993,21.35802699951455,normal,nan,100.0-100.0-100.0-100.0-100.0-100.0-100.0-100.0,-0.6263834329164291,0.4872294174315604,-0.0892933167880687,0.2944770649360662,-0.7011419163332306,0.7007702018405537,-0.021204371588522206,0.3592419421351054,-0.41119967397644225,0.0962915910787945,-0.08330098331491159,0.10078835711753174,327.41337980866365,323.422245349051,327.76944874586167,323.78861187369245,327.8632096544384,323.5566192772829,327.5451007632823,323.2040344610406,True,2.846987299795728,2.1065380470133763,-0.8153251347575236,0.7082083224272108,-0.07771556088742645,0.3686372673966172,-0.7055241656316679,0.7182398307751784,-0.009329656678877519,0.3808070998673119,-0.4257061849668556,0.15284540776948818,-0.1206898742464088,0.14511037946591693,321.4033154786188,318.02743967829787,325.93839727222627,317.79647852899734,320.6357402885221,322.2146314621947,323.2929035319066,320.74512662918534,8.5,10.0,0.8538382921465332,35.581874449268994,35.882975651394034,36.06040927589552,36.179897372998376,35.66010872507665,35.85216100094636,36.68973934143801,34.79083166450501
23,circle_xy,False,12.5,0.02,60,10,True,624.0,2.039924157547339,14.284501100191846,normal,nan,100.0-100.0-100.0-100.0-100.0-100.0-100.0-100.0,-0.4685693071295045,0.7037427227429719,0.1031949775898935,0.3178379725364478,-0.7017167325116052,0.7012490656187691,0.01845574672940596,0.3820469702282172,-0.4219360928405067,0.09659514384711795,-0.09129683707944457,0.11035510878774221,336.1010806463845,331.72763426781097,335.78031157530796,331.4615341623113,335.8167073110952,331.86271242175707,336.1958223054008,332.1284951895507,True,3.1578029003576376,2.340561397066296,-0.7035483849914805,0.6842093435138528,0.12588856965459785,0.38503260792289196,-0.7134083557821488,0.7482494403974945,0.08702353314144085,0.4273218167075084,-0.7189873906450808,0.2723522254609724,-0.1440737441724224,0.22304095022003279,334.6063038189519,332.46330244550285,336.3434543476711,330.9403949136992,331.58784301409565,333.21560740814783,335.3430049696847,328.8171806150874,9.0,10.0,1.0534694421745825,30.07295718871866,27.811860499533534,30.479388972815602,27.98955026359083,28.865411534474894,27.92510654872475,31.316219357117394,28.28907036596376
24,circle_xy,False,12.5,0.02,60,10,True,624.0,2.3736224842388136,16.14359500061255,normal,nan,100.0-100.0-100.0-100.0-100.0-100.0-100.0-100.0,-0.7147867316465175,0.583003550894694,-0.1084274344535143,0.344789752151689,-0.7013470647040002,0.7025172970858985,-0.011848570658319074,0.40623671947445583,-0.43711884674266205,0.09714513008591276,-0.10609406143948036,0.11955866531187806,342.7566629468606,339.4483692851796,341.90520390760037,339.49999894108277,342.3819236017591,338.2773515671767,342.72749706106777,337.9046445573008,True,3.3002566001960076,3.878198169684125,-0.8176613031586429,0.7907449799947407,-0.10878475677665177,0.47479935536255313,-0.7637606400803667,0.7540376680809361,-0.0919187905419584,0.5006912285509162,-0.8662301580105947,0.8865001719660762,-0.1257710045784831,0.4121674470824785,336.02404533701696,333.15405295528154,342.72721544304346,333.0041377060463,338.3601795114421,333.28566806037895,341.12769902180844,333.99469431853504,9.5,10.0,2.75648739243762,64.77691543837852,60.06627345798578,65.78206719964028,61.2274704956542,64.99373573004999,62.081511446460865,65.71195583103511,59.399520336886276
25,circle_xy,False,13.75,0.02,60,10,True,687.0,0.4847195993062763,15.085220101289451,normal,nan,100.0-100.0-100.0-100.0-100.0-100.0-100.0-100.0,-0.18044819120430367,0.3125606208188002,0.028030281922096546,0.1333645682296361,-0.7001937947053664,0.27303924550371106,-0.011581004421084007,0.1926917287348716,-0.09157843510208757,0.16872952341835057,0.016689811865875093,0.0385514277980439,263.7665831931575,265.8107176595515,263.19601135493076,265.63880761624506,263.52154644629536,266.43395235027987,264.1650265319031,266.54124159453835,True,3.875030199647881,0.48194812919170643,-0.1857207814111502,0.33179658784387556,0.02722097274083028,0.13502654471032693,-0.6800039920469761,0.28009863559348397,-0.009727564394335659,0.1932763663344945,-0.10814649722480521,0.08867403975948925,0.021510837215393618,0.029002392485000836,263.1181699695732,262.95722750715413,261.73997351639844,262.6390895569291,262.7330955179109,263.7804325325307,263.4262514581809,263.7609331305742,5.0,11.0,0.12251265346351332,3.5926531713308862,3.482450988813425,3.441122200101459,3.3384495468340507,3.393198020204495,3.308382553074005,3.45756297588967,3.4731069362975044
26,circle_xy,False,13.75,0.02,60,10,True,687.0,0.57000296042776,14.668397801113315,normal,nan,100.0-100.0-100.0-100.0-100.0-100.0-100.0-100.0,-0.3411173243256015,0.19665059379442382,-0.03177644045360672,0.14741853684742445,-0.31155663686252993,0.700068604085578,0.013766028100325779,0.20758512759951456,-0.09160357770265877,0.19435512884181413,0.02013704344301649,0.04408000375209135,269.88601363755845,272.99083194305285,270.503584136755,273.1423635679841,270.1776248299523,272.4534533231333,269.62148294998093,272.24901005764264,True,4.494138100708369,0.6305809058367747,-0.37725374458316974,0.28567718062555303,-0.03201348195590398,0.15361999917998226,-0.4529288682026267,0.6999263469663765,0.016002691572717248,0.21565914401239064,-0.09927169848138494,0.24093096384385224,0.03785732993284739,0.05855819402586936,271.95200353627956,276.0337968391827,272.9364435537212,276.1488155252223,273.8405194101118,276.11581663029153,270.8841504481858,275.5690991799835,5.5,11.0,0.16851679066074637,2.9675664985620567,2.9122687534799345,3.156329904695096,2.9176913474999995,3.2095645565518236,3.0522615895500937,3.183141513295621,3.0419892383506433
27,circle_xy,False,13.75,0.02,60,10,True,687.0,0.66326932134631,14.768684500246309,normal,nan,100.0-100.0-100.0-100.0-100.0-100.0-100.0-100.0,-0.36930626720544824,0.21323695345444482,-0.036123506461925775,0.1621363376597947,-0.35020778923235624,0.7002193475327002,0.01621237447112747,0.2222073818184612,-0.09014810605229377,0.2218546157193472,0.024022026904489777,0.04990200646918734,276.3580272589382,279.60124520625163,276.9089428034537,279.79190558342606,276.70064927210313,279.2071452200619,276.180722177678,278.9670948919915,True,4.103787699015811,0.7459319289433272,-0.4097822513419483,0.3291807389842401,-0.035964935205260964,0.17104891140727138,-0.5330510435968059,0.7052944829367185,0.018244602967149193,0.2351288987250014,-0.10406723014967369,0.26746980822549943,0.04475691283625394,0.06425955368863703,280.23578518042416,285.2028768026653,282.08133070917853,284.99544514264613,282.1353104716389,285.1443715466217,279.79738035676047,284.32245244156616,6.0,11.0,0.20203308150606605,4.591870841606284,4.596637047937247,4.81045631014257,4.684873348075837,5.031009411287344,4.86150061551708,4.942771913408408,4.771153026712863
28,circle_xy,False,13.75,0.02,60,10,True,687.0,0.7649611048724971,14.457096100144554,normal,nan,100.0-100.0-100.0-100.0-100.0-100.0-100.0-100.0,-0.23104689821274987,0.40053295933679495,0.04097764611007733,0.17693252220858569,-0.7003094108479271,0.38989211653833955,-0.018645323950484266,0.23613353718393382,-0.08868628302262276,0.24443945387692825,0.027891334426270568,0.05473017655617601,283.02492673048044,285.64201068251066,282.4946531809289,285.4031144019254,282.6838942523807,285.9886211691466,283.2186930722902,286.17949274078575,True,3.5166393006802537,0.7863419257091825,-0.25266055766970336,0.4416007795083243,0.03618050582791253,0.17738063606827978,-0.6960957106071441,0.38450098036648356,-0.015089273873416912,0.23720465745585465,-0.11142072748396892,0.1317791149786617,0.03822414480817628,0.040243548204588066,284.9169460202315,285.6044122656691,284.7066221520008,285.90689885315714,284.36279193495517,286.56939869934405,285.7988550362712,286.96508144849105,6.5,11.0,0.20483761137326292,6.384693416352592,6.365780059153504,6.300126900151394,5.996074697627402,6.132608602734113,6.098881767542319,6.334413287126643,6.381861183548256
29,circle_xy,False,13.75,0.02,60,10,True,687.0,0.8780266453561282,14.497751900285948,normal,nan,100.0-100.0-100.0-100.0-100.0-100.0-100.0-100.0,-0.4334532219040279,0.25488762722869424,-0.04638686843638768,0.19151257037114772,-0.44496195816431205,0.7004505985853724,0.02074547887651035,0.25054145371666287,-0.08771593770828409,0.26632394565876283,0.03265451157376326,0.05902544288042442,289.44192679745754,292.83711620038895,289.93537065918696,293.0174925098518,289.7691245033234,292.51886503379205,289.2754115212552,292.2902055925904,True,5.11154520069249,1.0321105440191263,-0.48292796522712544,0.40510143113528363,-0.04142160006581612,0.2105272519062472,-0.6579967397785521,0.7150455965959699,0.01947707552344777,0.27728205001360434,-0.11281070137251527,0.30044939131607895,0.05507628501469184,0.0752946800664472,296.3290561628639,302.65897614170166,299.81086051644735,301.6923992428954,298.2217089534496,301.2266362662403,297.195334320498,300.95879707607224,7.0,11.0,0.34290156496349633,11.669380763563115,11.979927952454453,12.030853877339764,12.551502008772083,12.408430515972391,12.513033541678107,12.224219250425273,12.1834149443674
30,circle_xy,False,13.75,0.02,60,10,True,687.0,1.006054822668983,15.525452100497205,normal,nan,100.0-100.0-100.0-100.0-100.0-100.0-100.0-100.0,-0.2871220434729607,0.4635958969072455,0.05263936754380571,0.20634717036701036,-0.5132743301321873,0.7005788886830261,0.022402464608505,0.2664666379536464,-0.2898823671039032,0.08693310156159965,-0.038641582177857764,0.06394765726100661,300.1982410484268,297.0910829649081,300.35828159495867,296.87143368959283,299.95808232664547,296.5474485994608,299.79782979295896,296.7754858700066,True,4.29480339953443,1.164590904496376,-0.40846125274580497,0.5455651106133943,0.06619136014378643,0.23857219149270964,-0.683920382399582,0.7203943315437793,0.031168774809307253,0.2841460498686611,-0.39226100706319456,0.11943166039397665,-0.059127956241480546,0.10895290259074376,308.03802269409977,302.710987082564,307.7961131676509,303.4124057108599,308.6809583756685,303.75874804328544,304.414804715504,304.93935341883105,7.5,11.0,0.31901124209029863,8.518352380795214,9.484367623902397,8.727861564609242,9.193761988589785,8.192264527701786,8.779734830793283,8.787257702006295,9.101699697189826
31,circle_xy,False,13.75,0.02,60,10,True,687.0,1.1467653586201416,14.81968889926793,normal,nan,100.0-100.0-100.0-100.0-100.0-100.0-100.0-100.0,-0.49408596210505856,0.34273290643638843,-0.05947110501134914,0.22184260467723566,-0.7007077372079925,0.582089456159717,-0.023310046659643976,0.2830851796764736,-0.3092973353765963,0.08647690735813325,-0.04533087291862506,0.06896995472821041,307.0925805678205,303.618698314419,307.0528628683758,303.9007930019135,307.37318201338275,304.07518147554725,307.4128520357834,303.8411355040361,True,4.454381800198462,1.3117935527587004,-0.7339430303608315,0.399892206621071,-0.06834533931434902,0.26424808072103356,-0.6995702146289537,0.6430065280325659,-0.01126541801563958,0.30656191914801767,-0.32847976765100506,0.0877046710513361,-0.07248795282952483,0.10168144974439228,305.93473814196176,303.1296353090731,308.2660915890623,302.74427343149017,305.9240488327293,305.2712242714704,307.32610772040545,305.7995745779136,8.0,11.0,0.4016818782754997,19.30094178035071,19.228174586169658,20.327221991016703,20.37523954542351,20.283948132034794,20.278609359975253,20.018612191413048,19.049755521944597
32,circle_xy,False,13.75,0.02,60,10,True,687.0,1.3050362413448473,16.654908398748375,normal,nan,100.0-100.0-100.0-100.0-100.0-100.0-100.0-100.0,-0.5251659525154887,0.4166914804211421,-0.06717837645286921,0.23909511688335802,-0.6560320995431359,0.7007956505668685,0.023504355744692847,0.3010214228641472,-0.08649319595161495,0.32423022396505347,0.05295732395073261,0.07509298674025476,310.8666272430091,314.49430431745276,311.0836895249879,314.6532469787167,311.18986342521873,314.55546810123576,310.98283108532075,314.34970633026376,True,4.903697499539703,1.7159163306203062,-0.5782618561003018,0.6792933082059225,-0.04329688710993222,0.3008275098107228,-0.7072684751424679,0.7288198354006074,0.01053587236618286,0.3445048775876006,-0.13058572793889028,0.3576604490393403,0.05347296797196842,0.11332271349014557,314.75794727186275,321.1105093397784,319.3997473838381,319.8424175424961,316.7185733585149,320.45675940598755,316.5318325272735,320.1791805613455,8.5,11.0,0.8926176283000832,34.95017290763821,34.86841086356841,34.78265665565299,35.77092142401237,34.49189830661921,35.40855267389732,35.499754538219065,35.16081966338588
33,circle_xy,False,13.75,0.02,60,10,True,687.0,1.4827138387637537,15.395771099138074,normal,nan,100.0-100.0-100.0-100.0-100.0-100.0-100.0-100.0,-0.4993194722910565,0.5567210503233913,0.07501246379726259,0.2602033361063319,-0.7008840012093283,0.7000478006130915,-0.023504608399958583,0.3190055547755637,-0.08669515805392486,0.3342319943023908,0.06074713612759106,0.08256659957940397,318.3841819690683,321.8763146667901,318.3004032806503,321.70506352545505,318.13934232608426,321.7486108654508,318.22316840808645,321.8323079353,True,3.476799899537582,1.4713649371892286,-0.38501697966476106,0.6362546349167935,0.05558471999879827,0.25452967938244864,-0.6960119749894585,0.5655639715918345,-0.02519378184820551,0.3101686845494623,-0.10189252135825483,0.1729198354973687,0.05738684193236134,0.06229133815763195,320.1318940872661,317.56535861774233,323.5313816189579,320.7279860573543,318.1272436840707,322.30638787587543,321.4512025895719,321.6686261525771,9.0,11.0,0.5352874204524645,20.093939068638598,20.81349221590091,20.028472010594594,19.894831576211995,19.361253312980292,19.976959313795547,20.06439304998411,20.341884422984293
34,circle_xy,False,13.75,0.02,60,10,True,687.0,1.6854330043902184,18.54836260038428,normal,nan,100.0-100.0-100.0-100.0-100.0-100.0-100.0-100.0,-0.5981443208384918,0.588650803542204,0.08226979576586119,0.28826627171215774,-0.7009576364107286,0.700423637572682,-0.023850778224073565,0.3376773813450449,-0.08711156593221,0.33905631579029116,0.06933202741153437,0.09296735072646072,325.67976050885255,329.23355131530366,325.7661475810608,329.13676286985805,325.5414263835772,329.0787415502252,325.45497497039594,329.093106400979,True,3.111848299158737,1.6353676350854318,-0.4031482861225935,0.6692295649855595,0.05678771591164352,0.26973689323214967,-0.6998928196156324,0.6257496017752389,-0.026686531480566933,0.3274760186744052,-0.10005710740427821,0.16510067409762086,0.055584717772490896,0.06387532185144262,323.5201470962243,322.3966395353274,328.44018218725984,325.30608526482774,322.33666786544177,326.7862662155183,326.111148951286,326.49293366270126,9.5,11.0,0.674476005420816,25.15594459411074,25.996609033752897,24.911820976381243,25.02452705166195,24.34323839657158,24.941712678218533,24.729510814915447,25.232225205497674
35,circle_xy,False,15.0,0.02,60,10,True,749.0,0.40624476747761246,15.481232501275372,normal,nan,100.0-100.0-100.0-100.0-100.0-100.0-100.0-100.0,-0.15337578387575684,0.2667825136230954,0.022700435035695913,0.11227834952034385,-0.6935403255803974,0.24831489039869659,-0.009132463848147577,0.17107474330473327,-0.08133490212080131,0.13405616169708728,0.011299639221230118,0.029770623677208105,259.1028148259746,260.85691779319484,258.64599484325373,260.79993498584685,259.02165772020805,261.55307972677554,259.5665432194465,261.54324284170536,True,4.789237399527337,0.39980910444320766,-0.2095426021000457,0.2816144273414312,0.022234798568999715,0.1159542294593967,-0.6632712605271784,0.23900917783760312,-0.007430812916783339,0.17052703104243852,-0.09781940267600778,0.0559495325305876,0.01604410522529129,0.02265863703686009,258.0879733264086,257.5088175282366,256.80449603127596,257.1026979022012,257.66730905469547,258.46897664976836,258.17531005321365,258.6106089793918,5.0,12.0,0.11441714291352686,3.3412258599860842,3.0688692715070074,3.0840097294958153,2.998691095009682,3.054821818821231,3.0441319312532125,3.1444249457023887,3.178660219519701
36,circle_xy,False,15.0,0.02,60,10,True,749.0,0.47174358840152714,16.76819179940503,normal,nan,100.0-100.0-100.0-100.0-100.0-100.0-100.0-100.0,-0.2900607556964785,0.16855204149504,-0.02546413083856175,0.12390260632907601,-0.7001627094164947,0.26231325052877014,-0.01062253121424331,0.1836804307358118,-0.15570603043513967,0.0833624316550601,-0.013873271672751476,0.0342128148607759,266.3170171480109,263.7390026922373,265.887377148136,263.9040385964708,266.4833093369316,264.5671108517804,266.9908443866522,264.44722088559877,True,5.852416099864058,0.49452011568402887,-0.3008929795324074,0.20651505224746625,-0.029235805741800822,0.13586630348343806,-0.6838356475159064,0.23750098227079258,-0.011683988975700992,0.18221677502011416,-0.22577939557603105,0.053388744044148666,-0.025796120251167697,0.04992725407910669,264.6771513609145,261.9816320954669,263.31624077798585,261.352559832636,265.19640803455167,262.29092423460514,264.1933482275392,262.59237271540707,5.5,12.0,0.09320831269776012,2.7893554147550343,2.6263797893969656,2.8785057020750653,2.7883305537393044,3.2148309338513785,2.9538200498047895,3.0383622000459125,2.7684033062247773
37,circle_xy,False,15.0,0.02,60,10,True,749.0,0.5464152437017397,16.096789200149942,normal,nan,100.0-100.0-100.0-100.0-100.0-100.0-100.0-100.0,-0.3149882712454204,0.18401173003342655,-0.028536925372894303,0.13589826090025225,-0.7000611545919477,0.29787827541429607,-0.012488274121406325,0.19686345408876468,-0.17631219783673882,0.08355753382141556,-0.01644910760507596,0.03854717831229214,272.4420803362835,269.7045634371292,272.06664131336464,269.89119905369404,272.6422759244335,270.50587881853164,273.09908638272043,270.3623593646101,True,3.6297569001326337,0.5771043165673978,-0.3294234893314149,0.21769124312966465,-0.03355404773312444,0.15093051553191397,-0.6988170478485785,0.27993677549163587,-0.012752696126522281,0.19581243851153385,-0.24223706401612363,0.061961037581327184,-0.030125848949107165,0.054877271422391495,270.26801796159367,267.74608587909773,269.23008940418777,266.8569326209363,270.9275028836014,268.0154926444936,269.59885382154846,268.6129778805009,6.0,12.0,0.11453910746756939,3.5274559009740556,3.5160669973924805,3.7794364619723364,3.6843794234685086,4.103937180049624,3.808974365156136,3.836000711562391,3.59959446219134
38,circle_xy,False,15.0,0.02,60,10,True,749.0,0.6261714731832767,16.325700399640482,normal,nan,100.0-100.0-100.0-100.0-100.0-100.0-100.0-100.0,-0.1999858292922949,0.3386775743691064,0.03202481565852988,0.1483887457182565,-0.7002025473533844,0.33248100471021247,-0.014480850714088993,0.2094460694435581,-0.08244132740476616,0.198118457650295,0.019368510089124474,0.04299036270279595,276.0389090721288,278.28987413691334,275.5524245468469,278.1183163940222,275.7942817419884,278.78636944726355,276.3371981899238,278.90661515922704,True,3.540199399110861,0.6388663277064028,-0.2539288978666434,0.37378499212727234,0.029132255691235703,0.14994268707120342,-0.6987361945785682,0.32985974609973057,-0.011392237688009574,0.21030376520188973,-0.10671595188386174,0.0958106157068838,0.029777515515363482,0.03243392825673867,276.39271180236034,276.3318414239815,275.33541563042587,276.3805045158697,275.86281106125034,277.3331271424604,276.5272980992458,277.5058228756007,6.5,12.0,0.1685923920751185,4.640130268138306,4.495763710217533,4.535704327011757,4.249938186510426,4.477294833509587,4.40036165132533,4.607279016563209,4.6171438489882455
39,circle_xy,False,15.0,0.02,60,10,True,749.0,0.712242517988914,19.94515970017528,normal,nan,100.0-100.0-100.0-100.0-100.0-100.0-100.0-100.0,-0.21684580285634136,0.3645881621052084,0.03595080794641084,0.16124521252580687,-0.7002806440232129,0.3664932591403542,-0.01661811181354251,0.22138371109984936,-0.08109200822424054,0.21559947130438914,0.022144370359985194,0.04659221966730392,281.68149085692085,284.0638286734366,281.26592353904084,283.8923036771164,281.436836054556,284.4338104376702,281.90361796726404,284.55539589292806,True,5.231743799522519,0.7352104857665859,-0.26262770489153237,0.40840840808748213,0.03141700363512581,0.16255611410867832,-0.6962536815002589,0.3551039060667494,-0.01275526989864025,0.22303331798217502,-0.10470830835643313,0.09732260839472841,0.033957068811471286,0.0349436303616105,283.74220283581445,284.00986921397896,282.9543255893038,284.0101785698651,283.1807435663055,284.84971316207935,284.1456074440263,285.2776486168231,7.0,12.0,0.20465747483988866,6.347847684028628,6.224942638052971,6.2165450981782655,5.876198760925431,6.086518913860933,6.080419749905083,6.33881892410435,6.37886813726799
40,circle_xy,False,15.0,0.02,60,10,True,749.0,0.8069701153893641,15.70340699981898,normal,nan,100.0-100.0-100.0-100.0-100.0-100.0-100.0-100.0,-0.3923904444802429,0.2360843828364828,-0.04017613927858,0.1740186226978333,-0.4032964963386577,0.700353141100343,0.018621905666070845,0.23340695776268236,-0.0802357899063262,0.23070582884457752,0.02499865920135797,0.049696645030189925,287.47214619377826,290.5275085064985,287.94940083036914,290.6417831155432,287.6887717523593,290.12475450333983,287.2295483660034,289.97288086899715,True,3.6391039992449805,0.9283794508658854,-0.44665901364955746,0.3663239493626485,-0.03609697017037354,0.1918962109026829,-0.6276419237586031,0.7135159693614544,0.018487084947399614,0.2557545127667485,-0.10382397151529962,0.24488333104902565,0.045967776968005476,0.064608093025737,295.5105732002258,300.9692252649746,298.72731589792755,300.1148992374378,297.1419508757196,299.3979493826304,296.2727895758517,299.0969690061083,7.5,12.0,0.2910171428246549,9.584654814404198,9.917673950464238,9.971933736172716,10.437905338826813,10.258430032020208,10.404693628492732,10.213568807222936,10.032875133758582
41,circle_xy,False,15.0,0.02,60,10,True,749.0,0.9118082830272434,16.30137480038684,normal,nan,100.0-100.0-100.0-100.0-100.0-100.0-100.0-100.0,-0.26004026357732996,0.4210446070135196,0.0448515860884689,0.18681871069608233,-0.7004930545457942,0.45571769035188936,-0.020454798607330946,0.2461778335393949,-0.07946239303297387,0.24572465091516169,0.02872267313126637,0.05277167006877343,294.17863031622073,296.7413484034934,293.79509610911333,296.6255177152106,293.98395614977613,297.11551564020465,294.3672562410776,297.194390828143,True,4.6415821011178195,0.9455571573073027,-0.29263408400565144,0.4777678373620651,0.03708383348613025,0.1887861438428165,-0.6935080887318392,0.4187586075869921,-0.015614035158048973,0.2478520423195032,-0.10045751462689888,0.10941031152007953,0.043450504361462666,0.041997759048060086,297.07548820383636,295.747616608332,297.1611107263501,297.8446874249694,295.71094546891266,297.55630559761056,297.8331730047397,298.5553523756488,8.0,12.0,0.29520113368437206,10.16281818773332,10.147145119466817,10.106888830945959,9.625301097891874,9.737472218111371,9.908449631832607,10.300623326649596,10.276673097380291
42,circle_xy,False,15.0,0.02,60,10,True,749.0,1.0255617354889903,23.082342900393996,normal,nan,100.0-100.0-100.0-100.0-100.0-100.0-100.0-100.0,-0.28800426277760777,0.4485356129217895,0.049972979050219676,0.1999555847880045,-0.700573058897066,0.5094577530000086,-0.02203067559546868,0.25910065119532566,-0.07894907688282848,0.25794520598542264,0.03272225740184332,0.05583573606300113,300.66118544002404,303.30781152121824,300.32978880157907,303.21056004074006,300.42246013047736,303.5823301913912,300.75339784280794,303.67417116245286,True,5.7172088997322135,1.0602027512223033,-0.3139302010908621,0.5132387041091182,0.04118009696438353,0.20263292587252196,-0.6939079432794611,0.4616579486672169,-0.018072459856135936,0.2606320334330943,-0.09765254470606516,0.1320220862864856,0.04565249127737282,0.046806551328851864,303.7483601034798,301.4050465110696,304.36157719222206,303.8913297857897,301.9364577594829,304.19565908127936,304.42960514823415,304.8174124393024,8.5,12.0,0.3364219145905296,12.470131390812888,12.508984619177744,12.447237900399541,11.88762295811455,11.923913980963938,12.260701609256007,12.728938285048654,12.644789311240203
43,circle_xy,False,15.0,0.02,60,10,True,749.0,1.1505177025498217,16.67670499999076,normal,nan,100.0-100.0-100.0-100.0-100.0-100.0-100.0-100.0,-0.4744776686717535,0.3294295204419921,-0.055664801649339166,0.21393719464412875,-0.5635898519652645,0.7006428826500386,0.02334961770217895,0.2724683078794893,-0.07903701154972755,0.26784136808388026,0.037139537057834314,0.05952169532383756,306.9652068359925,310.10961525548305,307.2133574574999,310.19538397409104,307.153150190339,309.950652395222,306.91394871952826,309.8477655096177,True,6.421653499477543,1.4080193234761038,-0.5380747761100708,0.5410336500018523,-0.041189722784557584,0.2552234396053242,-0.6805382041632839,0.7264916023640602,0.015332796466327911,0.31172136093236263,-0.1182230397855388,0.2668399900281131,0.04874529862185046,0.08670737698161668,313.3288973856694,318.7468012695151,317.2220557352249,317.3619520160231,314.53781774484276,316.99673197517194,314.3751194554767,316.6109695815167,9.0,12.0,0.6328001371717423,24.834626593991505,24.852796642299033,24.459650494149784,25.632041486735186,24.922173880001814,25.396216352229406,24.819291364978763,25.059641384997963
44,circle_xy,False,15.0,0.02,60,10,True,749.0,1.2874671455267073,15.82381150155561,normal,nan,100.0-100.0-100.0-100.0-100.0-100.0-100.0-100.0,-0.5009023916427437,0.39991948297690777,-0.06188460152808297,0.22961658049067496,-0.7007055077913329,0.6170340727170038,-0.024160160591926803,0.2863005393443285,-0.2740344285857458,0.07891839962158313,-0.0422295957599603,0.06418402326678163,316.5233691344753,313.4895447113714,316.4752482182229,313.5714148118841,316.60752891420367,313.67840911630356,316.6883749590511,313.5965835595769,True,4.18170490115881,1.5146218692610687,-0.7788160855625508,0.4430355570703203,-0.06747685535439742,0.27554341848867475,-0.6997187565569123,0.6588122577350142,-0.008899327995867689,0.3203976133089727,-0.3264896955435471,0.11143985609334549,-0.07724543433734152,0.10225600075832898,316.1274194422877,313.04629057323973,318.57077751505165,312.6176764371302,315.61489090384157,315.45626495762895,317.69199239500307,315.32770304861214,9.5,12.0,0.5666580391926012,25.549740560301856,24.877339400451515,26.404653135564068,25.446565337180765,26.32524097135061,25.552165469845264,26.01949265582172,24.632328596623438
45,circle_xy,False,16.25,0.02,60,10,True,812.0,0.3460274244146664,15.790187499951571,normal,nan,100.0-100.0-100.0-100.0-100.0-100.0-100.0-100.0,-0.22466112134238256,0.12970742631883245,-0.01871791717293559,0.09545325210547052,-0.649697965451542,0.2365955706612547,-0.006884145199978386,0.15100478213349108,-0.103994972644303,0.06357495254186071,-0.007681437667058747,0.02225508663417136,256.06792460838864,254.01087273121433,255.5412618235201,254.03959394726317,256.0353396205523,254.74943198505304,256.6793982938331,254.7728377141749,True,4.810670100443531,0.3521269394657168,-0.22745446233194408,0.14394661227254765,-0.020002942529009683,0.1000834942737745,-0.6502722581416022,0.2150676936149914,-0.008087395381530074,0.15134308506942656,-0.18343657144808448,0.035337267811653396,-0.013494695919537444,0.04087081183686499,255.76314485793395,252.28471476772464,254.10115589145875,252.71104973778904,255.89915564880602,253.0973204000407,255.62866400920575,253.25359898841347,5.0,13.0,0.06550066804126316,1.6045158443312606,1.3587875329257637,1.4817677002759442,1.3298239391913966,1.6364193535077547,1.4379162947498196,1.6724845824205863,1.438551760479998
46,circle_xy,False,16.25,0.02,60,10,True,812.0,0.40096053378239505,16.45658060023561,normal,nan,100.0-100.0-100.0-100.0-100.0-100.0-100.0-100.0,-0.14227354909599862,0.24998263033811124,0.020975806506572516,0.10562381857765245,-0.23874653279213714,0.7000743513678668,0.008255304516387788,0.16430486464288088,-0.12754956982626015,0.07634826950368231,-0.00978137614666589,0.027255130789826793,261.5973161339922,259.99820537759086,262.1423133508924,259.9621691527437,261.5466603671862,259.24529249953673,261.08062987786997,259.33429606767254,True,5.138825899281073,0.4203711617183972,-0.1827557803671665,0.24492350514314473,0.020881347774804007,0.11285163468767855,-0.2610779010836411,0.6896875428729902,0.007173850890988029,0.1683392022961704,-0.15175986098968555,0.07465743883567277,-0.013147330018441946,0.039554371133139025,263.4626015785416,260.4224589735706,264.4055117753636,260.7374326249367,263.3442845783195,261.049091217137,261.18227580669515,260.65888568054737,5.5,13.0,0.07548485539639845,2.4204670496688574,2.1198806411436455,2.1587614004065316,2.1023813863831546,2.0819827674991207,2.0402986669946244,2.120046156289994,2.1752509220355645
47,circle_xy,False,16.25,0.02,60,10,True,812.0,0.46035474788866376,15.910524100530893,normal,nan,100.0-100.0-100.0-100.0-100.0-100.0-100.0-100.0,-0.1550244506972169,0.2702115110872686,0.023293850523289066,0.11565322191652098,-0.7001180765593406,0.2501695779072256,-0.009570181280766369,0.17566708251772875,-0.07644919940162842,0.14509664159192404,0.011707288296422147,0.030750138048784716,264.73928736559964,266.45567336284444,264.20120569482805,266.330989846416,264.57422157572296,267.12891237483393,265.19402023619574,267.1985548821585,True,3.752012099022977,0.4602540667269452,-0.2247244556262228,0.2927288130137005,0.022075879643263886,0.11777786863386921,-0.6872149309960076,0.2511746812822327,-0.0073782697829225105,0.17605886956289213,-0.0990599439149011,0.05604931623346956,0.020407533573389505,0.024235141026098066,263.86652262144946,263.5051712740891,262.6289113086544,262.87743818740915,263.65652250160224,264.14833423071525,263.7925204229606,264.1721122800743,6.0,13.0,0.13330578404680407,3.2714053642155765,3.040253752606767,3.122068733076552,2.9123556562499653,3.1267587597767537,3.0728988986165615,3.2469258555568543,3.1942997550413756
48,circle_xy,False,16.25,0.02,60,10,True,812.0,0.5263507837727937,19.82717370055616,normal,nan,100.0-100.0-100.0-100.0-100.0-100.0-100.0-100.0,-0.29169529635155833,0.1681563851191374,-0.02585604116603182,0.12601698101971875,-0.7000692195776933,0.28249785788596027,-0.011141151678276614,0.18736367185651315,-0.1624474323482618,0.0765653426385593,-0.0137233575338329,0.03432034353158343,272.3998719275508,269.8254608496645,271.9896826002043,269.97086749239537,272.54249737224234,270.593594112352,273.01860938027903,270.49202448282335,True,4.385509900283068,0.5555250810942738,-0.3178823538977753,0.2101238210619231,-0.030107962578727047,0.14166149957207602,-0.6978952001218924,0.250239046539724,-0.011572262783272719,0.1856130299665634,-0.23150570115442312,0.054597293637118495,-0.025756022977154222,0.05212711472952297,269.7093176112738,267.5654346185094,268.74477773401645,266.69280269965725,270.3780488178779,267.58521275876177,269.388521071949,268.0988198539454,6.5,13.0,0.11263125775173555,3.3428608263142343,3.308909208004751,3.558521337114684,3.423267751699812,3.8515695544275466,3.5598856602618016,3.6581311142788926,3.38783961725144
49,circle_xy,False,16.25,0.02,60,10,True,812.0,0.5961999209146269,18.69901549932547,normal,nan,100.0-100.0-100.0-100.0-100.0-100.0-100.0-100.0,-0.3124656432470734,0.18192570226905294,-0.02871056993255385,0.1367419352547284,-0.700189399261989,0.3141835242501549,-0.012803789519456916,0.19851804322340183,-0.17970739859801144,0.07591460654962463,-0.01594378720941831,0.03781003816538233,277.87152695430484,275.21047357564606,277.5139727879017,275.3758509425256,278.0454938763645,275.94066666307714,278.46226095487697,275.8167262986015,True,3.41905429988401,0.6383367489873562,-0.37349796344262154,0.22989538229574294,-0.03343168931688016,0.15484275192158825,-0.6977024448321044,0.32256151199960703,-0.012472496816575997,0.19860239667498136,-0.2463690018316906,0.05809304969570566,-0.029670997533540026,0.056510698536049474,276.014996307994,273.8375663956083,275.1203739379025,272.7049755265456,276.6544516769265,273.7123037066605,275.6493654085536,274.347919154451,7.0,13.0,0.13337767801613207,4.336814046634032,4.56089896085971,4.738820972671836,4.656799134940108,5.029775521232286,4.795554912878084,4.700954759513911,4.565581782649431
50,circle_xy,False,16.25,0.02,60,10,True,812.0,0.6708600822765085,22.901711600308772,normal,nan,100.0-100.0-100.0-100.0-100.0-100.0-100.0-100.0,-0.3341031450781315,0.1967245615374787,-0.03192500735890089,0.14789596383425088,-0.7002184193290218,0.3452608886438671,-0.014601734465423021,0.2090795987109691,-0.19409987687805821,0.0746978467006677,-0.018109598261506748,0.040713847326375764,283.16420342681926,280.4780914421525,282.87160491782873,280.64478126858097,283.34078765647314,281.12975035431293,283.6823265628133,281.0039161936199,True,3.995680400461424,0.7291573770284655,-0.42897227356590667,0.24985428017002767,-0.03671667135621351,0.167894981526382,-0.6961291146581018,0.39458859418841036,-0.012981540771029879,0.2124093028406313,-0.25886833225476025,0.061201228362596095,-0.03344108246291328,0.05982421077339709,282.96790261193036,280.5530025317271,282.2785178711532,279.1112951805791,283.9057781417879,280.4558687450885,282.89011067129957,281.0844720125777,7.5,13.0,0.16105701287351587,6.154848135230933,6.446022947771336,6.592358155545499,6.597280248116813,7.000463486220698,6.753438265661268,6.441437582262543,6.414445874001364
51,circle_xy,False,16.25,0.02,60,10,True,812.0,0.7521259658540592,25.865777300146874,normal,nan,100.0-100.0-100.0-100.0-100.0-100.0-100.0-100.0,-0.3573828573727518,0.21370395290877475,-0.03544860964531503,0.15918038284870392,-0.7002826995044292,0.3780985813589705,-0.016568754991743467,0.21954179499356744,-0.20545244754810554,0.07393300629198064,-0.020235283307543008,0.04313850353539323,288.48876265013564,285.81223080867403,288.27606007147205,285.9553436345253,288.64096259667895,286.33258672103295,288.89820280379286,286.2241054141097,True,5.420717799919657,0.8270345640409781,-0.4864328027080037,0.2740693739658677,-0.04032750629854039,0.1813431608192168,-0.6951564363766336,0.4532690885602861,-0.01322809073095294,0.2262324665321684,-0.26788649181072266,0.06326187265201821,-0.0370376096669613,0.0621711365502203,289.84426272186226,287.52861591603335,289.9145130802537,286.27074804920125,290.68107675377354,287.8135190601481,290.6517174881971,288.4207527402193,8.0,13.0,0.19380360414443462,8.39711267515847,8.55128817871902,8.72723233915628,8.816802875454277,9.338813156085719,8.982208885829715,8.528215336977402,8.524466966151211
52,circle_xy,False,16.25,0.02,60,10,True,812.0,0.8403721618749397,17.588303800148424,normal,nan,100.0-100.0-100.0-100.0-100.0-100.0-100.0-100.0,-0.23315865259561674,0.38150281925429447,0.039036620839258976,0.1703500727823247,-0.41100168899387207,0.7003712263158977,0.01806174614268559,0.2300883551334374,-0.2166288010724486,0.07318988674592224,-0.02245675500227508,0.045455529579868675,294.49727517502413,292.17909417921754,294.82322083365847,292.0870721460089,294.41050268243237,291.62651854664733,294.10975756971567,291.71871191209016,True,3.1664264007704332,0.9222489227921861,-0.3576906462674372,0.45080546218892525,0.04135889115964786,0.18539424312424038,-0.537222584380708,0.7172175098072735,0.01911517520525876,0.2404249803687627,-0.2760100278602537,0.10949363640951255,-0.03003189517371944,0.07265682464072898,303.693352971857,299.5737681167479,303.1069687524664,299.5837505327938,304.1429880031993,299.932151262561,299.7579311539047,300.99148238386977,8.5,13.0,0.2002458730465334,5.392609435585013,5.264457628052754,5.159579974393168,5.15552434300915,5.184889084232793,5.098601692782834,5.1580229348079065,5.377062509961709
53,circle_xy,False,16.25,0.02,60,10,True,812.0,0.9354337228817571,16.304062799201347,normal,nan,100.0-100.0-100.0-100.0-100.0-100.0-100.0-100.0,-0.4065801333477491,0.25517678336023875,-0.042922601313591734,0.1815958757367591,-0.4538147532435599,0.7004652531852702,0.019619459793441516,0.24084705473165405,-0.07288274864478997,0.2244651100001498,0.02502418964609491,0.047469717352304444,297.6966806126112,300.5758773168286,298.0453658501968,300.60847138559006,297.8615516903752,300.1880264902182,297.5138943738545,300.1170020845602,True,3.7566648996435106,1.080620982406855,-0.4710376151027855,0.43129923729644243,-0.035347056183260624,0.2098252269742011,-0.6478077755383436,0.7208057511371961,0.017489104593234033,0.26635644501768835,-0.10381347064959918,0.19982269141726186,0.043162837182512945,0.0634386601190797,307.019711891264,311.48728866366287,309.98580632041296,310.1690263571584,308.1086356129641,309.2315698221403,307.4440704468065,309.19179336193514,9.0,13.0,0.3827735246739769,13.948136985008956,14.334547596228004,14.20813823362524,14.926876265715338,14.583255653832756,14.850986105914702,14.435491864941179,14.35921248732012
54,circle_xy,False,16.25,0.02,60,10,True,812.0,1.0377386711408725,16.970625199668575,normal,nan,100.0-100.0-100.0-100.0-100.0-100.0-100.0-100.0,-0.43179200275019125,0.28055661979962726,-0.04715221046398597,0.19322863618287558,-0.7005249694186332,0.49607497832330627,-0.02118753710752722,0.2516496777271599,-0.2290523288302348,0.07276211677619697,-0.02764612522648165,0.049499437099799905,306.2197699445599,303.4251719058279,305.99454680564236,303.5526467020325,306.28258795659053,303.8345420679848,306.5076005430497,303.78976525608357,True,3.1944965001312084,1.1841074646641057,-0.7109776000919593,0.3647294392883568,-0.0528573983355102,0.2299193649348899,-0.696474480513567,0.5501442877003051,-0.012475116355028203,0.26691347870982324,-0.2865192287808595,0.06987570176370239,-0.05405779832374718,0.06811043539304738,307.4824172746516,305.57085566729097,309.1630078780881,305.03881814570104,307.8546439414974,306.58046057730184,309.61420298929323,307.3606161557087,9.5,13.0,0.37189902781394385,17.69094638036906,17.39022013707919,18.38544568937677,18.21906953809947,18.71118836894205,18.278151325952756,18.157461610837682,17.49263316608087
55,circle_xy,False,17.5,0.02,60,10,True,874.0,0.3015571082758672,18.110761199786793,normal,nan,100.0-100.0-100.0-100.0-100.0-100.0-100.0-100.0,-0.11331151436715856,0.19195913918875165,0.016033707018031737,0.0823513934281258,-0.22638841681788968,0.6107700721924696,0.0053803246473021595,0.13455600927110442,-0.08230886604423436,0.05084712922534654,-0.005382348117735469,0.017009447282042095,251.80202452441515,250.85311300491705,252.48657413775015,250.8880970041955,251.84172745457386,250.07087685496322,251.2707566824823,250.08391335670078,True,3.8184734005481005,0.3147678529499829,-0.15699708976852716,0.18472921128276734,0.01587400876241025,0.08799626402172854,-0.2526251385892896,0.6524249212133661,0.00500712193927046,0.1432017463955975,-0.09713461850647181,0.06607463636251365,-0.00677657012627621,0.029291931370640626,254.33426534575466,253.23401803350976,256.1359157021442,253.1407062361384,254.95780568514436,253.30503072092114,253.0888103637344,252.95098829968381,5.0,14.0,0.06466549301086741,1.576419912689626,1.3953300655836507,1.5742542761528528,1.3668600346772075,1.4653168157064747,1.4058602566783698,1.436806464112814,1.48869275656022
56,circle_xy,False,17.5,0.02,60,10,True,874.0,0.3482482157440332,17.24948710022727,normal,nan,100.0-100.0-100.0-100.0-100.0-100.0-100.0-100.0,-0.2148495508545497,0.12442287043467615,-0.017886492748605726,0.0910648900495384,-0.6678398988876235,0.22789415034962496,-0.006573771595173623,0.1473125817816795,-0.10206009047851494,0.06271210734522233,-0.006850154197197958,0.021135388754468788,257.4245087119707,255.41884915433772,256.9209825255354,255.44210215450428,257.394699177917,256.1205386393779,258.0053525194394,256.1498761611264,True,3.512239799310919,0.3534020517337581,-0.2202029308351786,0.14641437487704675,-0.01917745045539217,0.09577023592576459,-0.654777628387636,0.20158744259045083,-0.00741517358713574,0.14660188974934024,-0.17999580191050402,0.031290290349221365,-0.012271501038025398,0.03972403783653436,255.91319501980445,252.73326695955754,254.3647270708919,253.1487226521146,255.98414261914488,253.50088928214785,255.85655979563842,253.6240655774448,5.5,14.0,0.07070022283251284,1.6140470139614564,1.4870760573835504,1.5295380874145816,1.42826605827932,1.6999995801022452,1.4818342343273048,1.7368580641761977,1.4733176760751492
57,circle_xy,False,17.5,0.02,60,10,True,874.0,0.3973350249516395,20.082687099813484,normal,nan,100.0-100.0-100.0-100.0-100.0-100.0-100.0-100.0,-0.13542616343582395,0.23460712947784337,0.019807564709547917,0.09981968624155112,-0.23139498682839263,0.7001759080218631,0.007645734820410802,0.15831849772972137,-0.12103531339557427,0.07058582398240598,-0.008507404291678695,0.02496944377379495,262.165176419543,260.679437819063,262.7151293845406,260.6410978193994,262.08890340962034,259.89939450186347,261.61697536238364,259.9992034489712,True,4.022292699373793,0.41562363073185177,-0.1752516660817632,0.2311320972833235,0.019601095776459125,0.1059665220942243,-0.23276181756254116,0.693344805247641,0.006386860152620755,0.1606273132451727,-0.1503879463249609,0.06844470614083047,-0.010367737370623863,0.03701658261931607,264.06961883727763,261.3537108222259,265.25101252969756,261.54471237053747,264.0925675699003,261.78906815937484,261.886974405709,261.3618333917903,6.0,14.0,0.07643275642338737,2.4585652009171857,2.1263476294580816,2.253649016264054,2.1190973484334643,2.1676960980205404,2.0088511369766566,2.1601119884152933,2.121144495212604
58,circle_xy,False,17.5,0.02,60,10,True,874.0,0.45121590387301913,21.19571149983676,normal,nan,100.0-100.0-100.0-100.0-100.0-100.0-100.0-100.0,-0.25280192377434896,0.14632416896054296,-0.021806615165399137,0.10857178214858285,-0.2378547560814639,0.7000954006675932,0.008798261755482237,0.1685211288931044,-0.07069604003955914,0.1357134741336335,0.0100165702697048,0.02785922240014256,265.0403095469054,267.4588636058036,265.64303852090603,267.50592910334564,265.17244204882496,266.763573209849,264.6431161995454,266.6707071043703,True,7.075150599644985,0.47996175526194457,-0.29762094972336595,0.17568124068645602,-0.021320113949552605,0.11263816884477056,-0.2997497757232005,0.6939918448578792,0.009975524211498124,0.17037932271110925,-0.07822222724772161,0.14012932804054837,0.02457327913504752,0.037157472467220426,266.5243071151897,269.26133595951256,267.5666637489717,269.1500899628095,268.0574730062986,269.0395001238375,265.7902564442668,268.48921932923474,6.5,14.0,0.13021383812050424,2.015915009235756,1.8567787664176145,2.201434348637613,2.0328586450288375,2.1977213219197944,1.9920732517400157,2.194978254718942,1.9802171013936594
59,circle_xy,False,17.5,0.02,60,10,True,874.0,0.5101964232471492,19.065748999943025,normal,nan,100.0-100.0-100.0-100.0-100.0-100.0-100.0-100.0,-0.1570962257892029,0.271179853998178,0.02400494846910594,0.11763143098419206,-0.7000840698029334,0.2669974746777567,-0.010149373716917424,0.17898402106818226,-0.0705638827929071,0.15107388223619456,0.011662885761232583,0.03093408188141336,270.3728501945974,272.13018123952463,269.8744836499739,272.01551022127524,270.2173285613882,272.7582792913747,270.80318918759605,272.8297960898232,True,4.424628599488642,0.5166364572362502,-0.22564777991886145,0.2999875507202554,0.022475869178294767,0.1190280722663288,-0.6999079232316242,0.2574086982999791,-0.007394423562398692,0.17896787432281705,-0.09798684027029064,0.058777333617607855,0.02347591793530308,0.026189961657445,269.47913055321686,269.138813260252,268.13644792617566,268.6045713587907,269.3558008499826,269.89524851069797,269.3660825264748,270.02200484566015,7.0,14.0,0.15279365555436736,3.698455827403522,3.5026094980444626,3.6209603442255767,3.3298119450170685,3.6544893771125713,3.5875536232531458,3.7614331611685796,3.686736185066447
60,circle_xy,False,17.5,0.02,60,10,True,874.0,0.5718420296618334,17.79530120117124,normal,nan,100.0-100.0-100.0-100.0-100.0-100.0-100.0-100.0,-0.2893873524867019,0.167832379310973,-0.026402217695902515,0.12692279673873152,-0.2955702132327956,0.7001577973581035,0.0115273445332747,0.1887836409920688,-0.07013665777279339,0.16525527855236932,0.013408186129061396,0.03375540722612451,275.0927233676662,277.69716086512904,275.64265051487337,277.77374581877274,275.2504768939271,277.10598834094077,274.7820951018347,277.00169049396493,True,4.275701800186653,0.6173976747203059,-0.33736599709834947,0.268108047952052,-0.025355723762948226,0.13478627280421152,-0.39050026537630983,0.7024488285257657,0.012919813652568767,0.19359807665809378,-0.08505604976258192,0.14777122169272652,0.032213904483232456,0.04170090629193585,279.7415974240454,282.7489699668908,281.31138496115716,282.4397318389818,281.08445872901524,282.18265685911484,278.6928187414575,281.68846126677926,7.5,14.0,0.15935833326119753,3.5523708820407105,3.4440400317786986,3.924575236327731,3.656560450808675,3.9417153993684204,3.6899085446287687,3.93745485049226,3.5647722050889805
61,circle_xy,False,17.5,0.02,60,10,True,874.0,0.6374770936544415,17.22731410106644,normal,nan,100.0-100.0-100.0-100.0-100.0-100.0-100.0-100.0,-0.1787799100189355,0.3082277156474796,0.029059921821082114,0.1365462139827908,-0.32378093001275055,0.7002241304684242,0.013039563285528986,0.198223901729318,-0.17668087596887466,0.06919001533514314,-0.015098940518793678,0.03609029332562011,282.3344818107486,280.34632984806984,282.72054509276813,280.252183156504,282.20226899939564,279.6818865892499,281.8424097060257,279.81636398327964,True,4.48960849957075,0.6846037765444718,-0.22171202421456954,0.3489087561846843,0.02977705307762114,0.14426345001804836,-0.388262684724691,0.7105238392360276,0.012055138876501191,0.20273812298930285,-0.24464240264740322,0.053651113503798656,-0.02142086624297673,0.053613355650558,287.67019543972094,284.2550906531788,288.0369887922107,284.16480593254437,288.54841119188694,284.4248350307741,285.01551965440916,284.2032016844721,8.0,14.0,0.12947349236113959,4.09848491246529,3.6810509037860943,3.7515496041175824,3.689644553986273,3.7684012979994397,3.4527366585355725,3.7484318716947738,3.655162578002794
62,circle_xy,False,17.5,0.02,60,10,True,874.0,0.7087432474851725,19.60932949965354,normal,nan,100.0-100.0-100.0-100.0-100.0-100.0-100.0-100.0,-0.32786089319462514,0.19081416645637372,-0.03204080609091666,0.1465499891824787,-0.700231694003897,0.35355760944391795,-0.014794277653281335,0.2076634986269257,-0.18638714079780497,0.06852029528823032,-0.016795793935518392,0.038198695787019885,287.2484233470713,284.7339909527171,286.9847634620807,284.8528161310525,287.3652266889821,285.27613381381207,287.6719737591279,285.1929418855984,True,4.5453221997013316,0.7749102479595305,-0.4668639252502702,0.2728337231458919,-0.03579009984239447,0.16783744104375833,-0.6938981724445461,0.3782944813499946,-0.013061250992484523,0.21061519123517394,-0.2526286802856326,0.05629891674719118,-0.031793606106454805,0.058449113082701676,287.7253899173846,285.8246008699398,287.41105209624726,284.61506597679,288.625353001444,285.6928214666515,288.4129554832262,286.2179801933953,8.5,14.0,0.1785333498437026,7.352449222214773,7.5156108211164545,7.715066971773353,7.713693965694766,8.204811511497486,7.920025031005544,7.616166610867068,7.514931311414806
63,circle_xy,False,17.5,0.02,60,10,True,874.0,0.7857065881368559,19.73789140000008,normal,nan,100.0-100.0-100.0-100.0-100.0-100.0-100.0-100.0,-0.34854441685849574,0.2055636646483388,-0.035200182529390604,0.15660006234645676,-0.7003239305753385,0.3850932844911747,-0.016559701186448162,0.21705551450701643,-0.19469299906132564,0.06780722774151055,-0.01859548687482501,0.04022081969438417,292.4053535509691,289.8907129625865,292.16681531112346,289.96091427272916,292.4682500004379,290.32027535404035,292.75561282891846,290.25288726738256,True,4.409852000128012,0.8652498221419297,-0.514185439842394,0.29835312138933967,-0.038716763478735226,0.1794894227833839,-0.6937181833984699,0.4211067495408707,-0.013449518920355997,0.22216104669860362,-0.26018670469063354,0.057736856537496294,-0.03602066183668641,0.0598306386028265,293.7101371384166,292.00131832215595,294.3249187142841,291.3599003256565,294.42175185854205,292.2189509717955,295.42240134583875,292.85156868197356,9.0,14.0,0.20909411091366592,9.401894613102455,9.431210682685764,9.656144161856904,9.716122060604398,10.338068713051516,9.948798131968918,9.55176899694416,9.439087014341128
64,circle_xy,False,17.5,0.02,60,10,True,874.0,0.8669917668601599,21.039093999075703,normal,nan,100.0-100.0-100.0-100.0-100.0-100.0-100.0-100.0,-0.22309667361007243,0.3697075280568798,0.03823831158579644,0.16639426857600984,-0.4121514434879146,0.7003808903232962,0.017726940992703933,0.2260472294381499,-0.20133909194208874,0.06764293385307489,-0.0201615587683434,0.04178325840366393,297.83687120223493,295.7185029714786,298.17014380687243,295.64425753580235,297.79305700916177,295.19804556979466,297.4715707857452,295.28544464811466,True,4.40213439904619,0.9387242120881092,-0.3049679581351337,0.45484063912009326,0.04002091076932418,0.1764026005160769,-0.5136382722786189,0.7199452735215142,0.018727797781729675,0.23389155293384237,-0.24754021972829393,0.09411574503654035,-0.02883605876396517,0.06531802145097215,308.3698494217858,304.9286272672917,308.63134807418646,305.11156078092694,308.95557260485833,305.3355073501126,305.0299179885608,306.5386527269906,9.5,14.0,0.17616076846052398,5.081167522068644,4.700732879809819,4.836550051699804,4.895350888671785,4.785168715042382,4.677947835008283,4.824607708544299,4.865227023203114
1,circle_xz,False,15.0,0.02,60,10,True,749.0,1.28812206485255,17.73390020057559,normal,nan,100.0-100.0-100.0-100.0-100.0-100.0-100.0-100.0,-3.5619920565481306e-07,3.344707896338299e-07,6.055975344485817e-09,9.450832448027591e-08,-0.699999997853918,0.7001143932544641,0.01532144092187246,0.42018915774213134,-3.4876879128524255e-07,5.0116650510720956e-08,-3.9635447103921384e-08,9.615838748781388e-08,294.7110191043923,294.5977627886009,294.55668474852183,294.59773587425803,294.7110273131873,294.8605056549516,294.93073008041705,294.86049113549086,True,3.3078633005497977,1.2829096419189159,-0.5535656923067876,0.6800114911871089,-0.02339976997669939,0.18783528098640315,-0.721149257709747,0.7032477218234934,0.014245504234411054,0.4028269461019474,-0.32166056761547823,0.8159969813245032,0.05195740520065515,0.18183215332946273,302.16982319480445,303.7217608115524,302.92020048279096,304.85377936519376,304.0507195672717,304.0734429374344,303.4137461082636,305.80539396996784,3.0,5.0,0.4254807253931287,10.657395446554142,10.853776614032604,11.132100120386893,11.543033945561467,10.392025096142563,10.795650402799385,9.741908610249135,10.368089463426635
2,circle_xz,False,15.0,0.02,60,10,True,749.0,1.9792746306914752,18.83030980080366,normal,nan,100.0-100.0-100.0-100.0-100.0-100.0-100.0-100.0,-0.000692854065940766,0.00899164950519916,0.00028645418561614925,0.001378876036355136,-0.7000971468979597,0.7000197528289616,0.015680113291398935,0.46733909956338077,-0.004091790380009317,0.00026716702444326714,-0.00018342439818587515,0.0007216433829063747,327.63185095972824,327.9148850237386,328.3241432802545,327.91549756860235,327.6327374735345,328.8326040367213,329.96611538471797,328.8321721942479,True,3.989210500731133,3.4587043328873337,-0.6561356770661684,0.7226674028610136,0.08107618980455188,0.3335877422117022,-0.7005961488356597,0.7311279152695537,0.007892763446882844,0.4801044415738224,-0.7681757001728184,0.8890454552296009,0.08617439405840151,0.33879321030690357,329.5682350262363,337.670635051617,333.4391697060306,335.1924677821224,330.3780037645749,339.2917340921556,332.54587404148134,338.2140712779676,4.0,5.0,2.6054518117856365,30.341907673698763,33.17229901626151,28.894108148229826,32.418699055217495,30.183942874641033,31.386681392793125,27.294351489831136,30.57459516012397
3,circle_xz,False,18.0,0.02,60,10,True,899.0,0.818485092466652,19.913622100662906,normal,nan,100.0-100.0-100.0-100.0-100.0-100.0-100.0-100.0,-8.863836125728896e-08,8.269967581233622e-08,-7.729886123746933e-10,2.0089605494120908e-08,-0.6750240527258082,0.46272919927165923,-0.023635508671275816,0.31732517631270907,-1.011197906978006e-08,5.833873407586852e-08,6.4366308489280655e-09,1.3824788580955553e-08,277.8648639373873,277.8081193736673,277.7862718035195,277.80812029545257,277.86486373925345,277.93767248807563,277.96781903285705,277.937673145881,True,4.146412001457065,1.0027418657164022,-0.7167367845458206,0.6735059184884695,0.022861853307724285,0.26378391134051304,-0.7039296868478508,0.5114276555867456,-0.03205213717304224,0.3377455144742272,-0.37762970516750505,0.18308027026445456,-0.015050980963979875,0.10093980292883258,280.55730221023714,280.5271673198237,283.17261911495046,279.853930658151,281.6918249799643,280.0665492827327,281.83408498675993,280.1206549166784,3.0,6.0,0.42141791939472023,12.136352011885782,9.976349795928822,9.394055149225299,8.994705243007651,11.43352755375059,10.023366771994613,9.989913035029014,9.54313851381056
4,circle_xz,False,18.0,0.02,60,10,True,899.0,1.6645140213329566,26.957612600177526,normal,nan,100.0-100.0-100.0-100.0-100.0-100.0-100.0-100.0,-2.0894546501935496e-07,4.453932083231469e-07,-3.333799530837664e-09,6.872589718933011e-08,-0.7000793699003466,0.7000367550897156,-0.037576236137627235,0.4582354929446275,-3.566862727170625e-07,1.1715876474904953e-07,4.124263385596147e-10,4.4415695762901576e-08,303.95415821902,303.9668960219721,303.9721619930235,303.9668960119745,303.9541583972077,303.94141320650976,303.93613995892326,303.9414134021238,True,3.9695195009117015,1.8911294536239647,-0.6130533926259224,0.7323930162777715,0.06460467285964533,0.31333160281365124,-0.7356371480704732,0.6568061450593292,-0.0742140977437815,0.42668533577273543,-0.7769779599619044,0.5089796518527208,-0.028080061802126587,0.20756562376059723,309.3278415146209,313.01426703295414,316.50431447844977,310.64748181416036,312.7862482767625,309.66314930324694,314.54306297064085,312.477464831026,4.0,6.0,0.7441418101684046,16.791086100051285,14.095768371756389,16.811007291777447,13.564267863803323,16.400504236297643,14.094687981905823,16.207684167131106,13.466149917840303
5,circle_xz,False,21.0,0.02,60,10,True,1049.0,0.7295174690909858,29.9017500000773,normal,nan,100.0-100.0-100.0-100.0-100.0-100.0-100.0-100.0,-3.035147077237343e-08,6.199240107041013e-08,7.394304125138088e-10,1.1016398262065344e-08,-0.6999999977746642,0.6999999999971716,-0.008265833865867885,0.3142490444734182,-2.431607289641505e-08,2.6868044206299685e-08,-1.09406320058961e-09,8.852377823990092e-09,281.8969564365521,280.6481541577555,280.13342711513764,280.6481541518707,281.8969564285701,283.1402481285684,283.6536416953285,283.1402481329483,True,8.721465798967984,0.7143860494970254,-0.5884834868334231,0.4771553748032457,-0.005520760509635301,0.16378514163383567,-0.6640476008351365,0.7172634227311576,-0.010930698303289148,0.30999914854788385,-0.6206772761916033,0.2784760304296573,-0.006220792356899426,0.1364251379251138,282.5634040040502,280.41830261304307,279.8616731676969,279.21240116634743,282.91376112161504,281.1219577290295,282.9889284160343,282.4846287587828,3.0,7.0,0.294500333467168,10.559353079839939,10.637690387773638,11.01526549506057,10.555482280399138,11.06319830048413,9.912406879916569,9.945191505362509,9.560062494865548
6,circle_xz,False,21.0,0.02,60,10,True,1049.0,1.0561439103442265,26.090228098852094,normal,nan,100.0-100.0-100.0-100.0-100.0-100.0-100.0-100.0,-3.9639066654277294e-07,4.1406545904630416e-07,2.7141514465779023e-09,1.1240045320149801e-07,-0.4802611983385497,0.7000497583606424,0.038045487836010666,0.3672056793268447,-2.1900192625065456e-07,2.6525625134601506e-07,4.842684644338394e-09,7.786349563466259e-08,286.65765077600963,286.7629079424069,286.80649956329586,286.762917472308,286.65764619024776,286.5523620661514,286.5087569152645,286.5523652600993,True,4.440425899461843,1.188666418026535,-0.7134615230307058,0.7049993947955357,-0.011366795492385494,0.27831346508521726,-0.48046803180359826,0.7215394034331679,0.03593601217242755,0.3455594252407325,-0.5830745736097376,0.7427232091777525,-0.014143446256933917,0.2242345993044028,288.53277662011607,284.2528764734081,283.5270294183997,284.2925125316764,288.7031521653918,284.0938160975157,284.0499679500553,285.4080809913094,4.0,7.0,0.6928431880997749,14.375379546562515,15.292186506226706,13.813266027471329,14.316437959186539,14.178849467958804,14.136855601244001,12.733247812131221,14.147494274718182
7,circle_xz,False,12.5,0.02,60,10,True,624.0,0.44096716381677825,18.25337379949633,normal,nan,100.0-100.0-100.0-100.0-100.0-100.0-100.0-100.0,-1.777176603131334e-08,1.8630598817925237e-08,-4.3534054255761494e-10,6.941030349476046e-09,-0.6447681156790488,0.2732591355661104,-0.012148549550825123,0.18516070478495814,-1.0565873425656967e-08,4.6059569477197916e-08,1.4795303794769402e-09,1.2695544933007933e-08,238.60137155020104,238.58448643853316,238.57889152610716,238.5844850343224,238.60137144573636,238.62918115910293,238.64458272103897,238.62917966807225,True,3.0233864996698685,0.5166623633028579,-0.47981162873809347,0.4574405442164247,-0.006220495718683632,0.151573358236314,-0.6411170387599803,0.2871484706312789,-0.016019505735567555,0.20018881683294246,-0.05087263839614397,0.20672059777347473,0.025855543484964598,0.06497563635537458,238.62728904555107,237.96531480541415,237.52183591077014,237.45041017354183,239.43760494003416,237.90113341765039,237.17752225751278,237.977540158634,4.0,10.0,0.21458388628338482,6.119011040402075,5.851353064013173,5.311956304911486,5.5320224904628255,6.059374607919235,5.829449013656944,6.002507590575244,5.582665760866606
8,circle_xz,False,12.5,0.02,60,10,True,624.0,0.9123379605407295,23.14346730010584,normal,nan,100.0-100.0-100.0-100.0-100.0-100.0-100.0-100.0,-2.37175246865574e-06,1.2783280887307111e-06,-9.693200308375288e-08,5.583050743961852e-07,-0.7000556354774558,0.6999999999788646,-0.0028705376922883944,0.3607019786594701,-1.0636276056762117e-07,1.3145038559590403e-06,1.1644950593397304e-07,3.064059692081307e-07,296.8684071595542,295.6674179709001,295.17741330717985,295.6674183166421,296.86840757476114,298.09300812235074,298.5987946477123,298.09300783040914,True,7.210452099388931,1.1096328220455096,-0.7582935748740427,0.6398289748181252,-0.012634759283698187,0.3069659015660376,-0.699920069739248,0.6989016143721842,0.010130378407659384,0.3382326050835827,-0.9997884459385313,0.6811146892472539,-0.023409817269796906,0.28824211087888735,293.47157306674444,290.96405966453364,291.26029426587564,290.6536530294376,293.86820768452844,292.12623985992445,293.60251161184465,293.815893930022,5.0,10.0,0.7850634579925606,14.74360213247563,12.81036900057268,13.192762611407428,12.30558831898899,14.55853325389271,12.918864096070767,12.515944644130881,11.372424801181294
9,circle_xz,False,12.5,0.02,60,10,True,624.0,1.4298479365814518,22.86456909927074,normal,nan,100.0-100.0-100.0-100.0-100.0-100.0-100.0-100.0,-1.5157800824021448e-07,2.6883122345498676e-07,1.3633183906821126e-08,6.144727621088828e-08,-0.7000000003753519,0.6999999971940895,0.0025849140469916165,0.4199114998607498,-3.932431398161871e-08,6.250977099526162e-08,9.204457588822925e-10,1.5086290447015682e-08,315.84337341014026,317.0488692788101,317.54686149225523,317.0488692671309,315.84337339343216,314.65490243094837,314.1693311112461,314.65490244398774,True,6.804445298970677,1.824438850365635,-0.6454178005541915,0.727674724698448,0.04703881764974459,0.2535288231466628,-0.7329457866325887,0.7306977751705136,-0.0059134759874370675,0.44491116626418614,-0.3569470778466329,0.12138843927436484,-0.028922213304591333,0.08903279109036527,313.83031268793735,318.8398241095164,320.07739404171116,316.70065989343607,315.06412949296254,314.298881345711,316.9869581592626,315.686232736778,6.0,10.0,0.7523436625817419,25.274489866989732,26.199399764012927,25.392750706180845,25.56251955001139,25.91849810593849,26.984807046824546,26.17648371825318,26.552953152791336
10,circle_xz,False,15.0,0.02,60,10,True,749.0,0.3192119386360638,30.971538700221572,normal,nan,100.0-100.0-100.0-100.0-100.0-100.0-100.0-100.0,-5.9478228741299206e-08,1.1611079431008528e-07,1.8142868377497579e-09,2.8763802228120288e-08,-0.2017977564472597,0.5598586228325265,0.006352696820308114,0.13843792258668713,-3.220881044409422e-08,3.07358993102748e-07,1.9748581630303258e-08,7.25882233145394e-08,232.94691218742855,233.00062776039837,233.02279072861586,233.00062176084572,232.94690421313024,232.8932481938776,232.8711209116918,232.89323078626882,True,6.528189800214022,0.3532418665524105,-0.4913603483351074,0.4693316418326815,-0.00013494078861830852,0.14511448928059048,-0.1909785873799577,0.6318130232271748,0.0072186203287757135,0.15007489862979947,-0.062015291133885736,0.07557832035541896,0.005836521236531193,0.03493163898109559,234.09828808617988,234.96687256636463,233.57115442469592,233.3105013985833,236.1435146326061,231.762281105225,232.56168766457802,232.05383206447576,4.0,12.0,0.1422080416230407,4.829570169575404,4.2320864155577125,4.325627532364771,4.212384493588079,5.141718236701936,4.297289539946986,3.846169344696009,3.4869319226658466
11,circle_xz,False,15.0,0.02,60,10,True,749.0,0.6239593656604954,23.499852300039493,normal,nan,100.0-100.0-100.0-100.0-100.0-100.0-100.0-100.0,-1.2088173380778093e-07,1.5193726176213284e-07,1.917884351349328e-09,3.933041799963238e-08,-0.699944524813506,0.7000204077043899,0.001829721509673971,0.31282946511226767,-9.9574174424772e-08,2.3350111479659786e-08,-9.200733064468636e-09,2.4153211030667035e-08,279.6689207728955,278.63444572491045,278.2048288541781,278.63444570274277,279.6689207416907,280.69958585724936,281.12539217555576,280.6995858792384,True,4.884228099428583,0.6603983528781042,-0.6706606779119965,0.6447916955522408,-0.012500625247927102,0.2261289595219374,-0.660592607475744,0.6966601433565368,-0.0059769702530572035,0.27181775672266384,-0.7338157146594657,0.11230694359899043,-0.09449388342568144,0.19306037794232994,277.3575396320081,274.78642336226824,271.40943584643253,272.6401765864182,278.56942090281757,273.9834770400702,275.2384969119909,274.44115335463124,5.0,12.0,0.4117788508050366,11.823164978974008,11.111488031594082,12.06097413691136,11.648117658558808,12.323598088393886,11.45761985728665,11.282164916610938,10.204564615383173
12,circle_xz,False,15.0,0.02,60,10,True,749.0,0.6113785561112134,29.404542699980084,normal,nan,100.0-100.0-100.0-100.0-100.0-100.0-100.0-100.0,-3.989097234732678e-08,5.69169977602306e-08,-2.884811287429341e-10,1.2903300840382994e-08,-0.6999999968079215,0.2970972208251509,-0.014573092114507472,0.21072033188187783,-1.2941409433649035e-08,1.576769894634503e-08,-8.740377847699091e-10,5.711316568630599e-09,242.46132807379655,242.48506185457092,242.4949051780721,242.48506185629736,242.46132807366408,242.4407821414731,242.44257202742122,242.44078213833504,True,7.703032099001575,0.8436080817639512,-0.6643625687210923,0.6845941608616977,0.007524715257320006,0.23269466251152143,-0.6973891735073279,0.3672252146382955,-0.028227517000287472,0.2758469996401899,-0.1992909668526821,0.2552406377212349,-0.006398957487449351,0.07819708782612403,278.81730285779815,272.058141122835,273.821938277613,269.3272742530292,280.2406659043289,271.12357318394436,279.77430236902615,271.21461060176404,6.0,12.0,0.5178757519761098,18.522396307026828,17.116320280423423,16.2036469472885,15.935644128582924,17.769659600098873,16.458311952685165,18.06698552958174,16.806395547092094
1,line,False,30.0,0.02,60,10,True,1499.0,0.3810914742437309,36.21798339969246,normal,nan,100.0-100.0-100.0-100.0-100.0-100.0-100.0-100.0,-0.2479177445606127,0.11838732918871657,-0.004246477472393234,0.033860577637935305,-0.6016555943141275,0.3416027730000638,-0.006177611853212746,0.10003239380555567,-0.0273099114316152,0.07837550054009187,0.0003791158138497947,0.009309531964748704,247.95412814512687,247.65987632345474,248.11758165470962,247.8164849919296,248.15807685390413,247.71233875329563,248.0295434045336,247.56788244998913,True,7.456471000739839,0.41041580577897213,-0.17326632054334387,0.08752228567542134,-0.0026185389933446666,0.035097673306390284,-0.6075156709808444,0.2808343514709701,-0.006232831495744332,0.09958927616049332,-0.032934219321051235,0.08092839879967127,0.015789999581626718,0.019386512734411703,247.30076144279104,245.0399346021447,244.02447341717664,245.89457755388628,248.60572666476213,245.03209903291898,243.84958050221638,246.59738319959405,nan,nan,0.10352131965347125,2.3161122357763038,1.9467415624392406,2.2957657274422623,1.7821975816196418,2.333130523557711,1.955948138129088,2.4600197387561273,1.7331814736110362
2,line,False,30.0,0.02,60,10,True,1499.0,0.29027127467936414,44.25893160025589,normal,nan,100.0-100.0-100.0-100.0-100.0-100.0-100.0-100.0,-0.0521893802084305,0.1342632737075709,0.001535928486082084,0.014839553020311527,-0.3187811635677168,0.7000279181599065,0.003944319941785355,0.1067112603056543,-0.006483595211258261,0.050479913326906434,0.0006424183479495081,0.005644645237122718,251.25944049078606,251.0550575915455,251.48694767537535,251.0182746649836,251.20746004580897,250.6590306610586,250.98315444688916,250.69586378976155,True,5.926281699794345,0.29716595399308476,-0.07170584649951857,0.08282911601978654,0.0011592997179243956,0.01752704385917416,-0.28298828190754244,0.6926803836674214,0.003793493949158748,0.10748427567410475,-0.06870287570891241,0.0534649620328561,0.016591952550170017,0.01969357498476923,249.1202005196892,248.63325983041494,249.87211122627568,247.74517955678746,249.7724298997986,247.0413004625508,248.70242668361365,248.01845807709904,nan,nan,0.08055768370046996,2.0268219285040545,1.8666349781396698,2.1229342062245435,1.8121574651044454,2.0553379932792337,1.9787281295317627,1.9826320614798267,1.7642599081024457
3,line,False,30.0,0.02,60,10,True,1499.0,1.2845566423117434,47.99969979847083,normal,nan,100.0-100.0-100.0-100.0-100.0-100.0-100.0-100.0,-0.736109126994647,0.7023029540227159,-0.06746276626314833,0.324197086191159,-0.7097479368529961,0.7134248730148165,0.020133444226991298,0.31177830375306875,-1.0782749184870333,1.178655325459896,0.04739817425593213,0.34742164628418354,316.04557719179064,310.0081880286262,320.22466332205613,310.09244773656303,318.5984595563075,311.1722157346004,316.0239606534708,311.58405495860956,True,7.969267599459272,0.9250750481577044,-0.7657150711310698,0.6785258685932328,-0.014984420005271195,0.2648990883896919,-0.7518971237157822,0.7482295844216381,0.016826280547051594,0.2548103948057034,-1.06655139226466,1.0767619493721388,-0.03280251809730691,0.2578803607358733,293.2989034326109,301.49573839146666,310.0816425092805,298.75988737611283,305.3126356643505,297.86453703376094,301.8865769094746,300.6001148169208,nan,nan,1.3129331298421663,23.606001839840896,22.0409249496236,27.52714851959124,23.134591031521406,22.01206756599988,23.25136085492284,23.801962722765186,23.036377832389526
4,line,False,30.0,0.02,60,10,True,1499.0,0.3481209986897914,34.754035799589474,normal,nan,100.0-100.0-100.0-100.0-100.0-100.0-100.0-100.0,-0.5098987574233695,0.2927783082399362,-0.00549413041677432,0.08545689312967497,-0.033402165132408644,0.016023518749219232,-0.0005711313917545541,0.004322181397752737,-0.0050380390959749175,0.008296872014159714,-9.080326370814833e-05,0.0011339886802872838,242.76323656965872,242.76024673987536,242.75231692595528,242.74403594353993,242.74026666023875,242.7432736381208,242.75125714682494,242.7595015263938,True,8.082088098686654,0.3922035190416911,-0.5178064399503292,0.2616826356944926,-0.005324865318932364,0.08610021461413593,-0.09553092699433116,0.05423824244937355,-0.00030669842918829503,0.019608807750141354,-0.04681806454096821,0.050485853565407524,0.0026853154272761686,0.02029116972948093,247.64326918794538,244.2168825185921,239.74020335564728,244.84301153177907,245.1273455340886,241.1554808410415,242.5824763456991,241.15922313650725,nan,nan,0.11280407695699353,3.9537065990769453,3.070936103607567,4.37313027667813,3.215326561921812,3.494824380248893,3.0534098929848805,3.3616916366435343,3.165127296839605
5,line,False,30.0,0.02,60,10,True,1499.0,0.32659812636209457,31.99387929943623,normal,nan,100.0-100.0-100.0-100.0-100.0-100.0-100.0-100.0,-0.21552958480535564,0.4011238809081455,0.0020611228213061566,0.05714573620781684,-0.7001715663735391,0.39760360360087227,-0.00331393180853788,0.11567560692194258,-0.1435356266733052,0.0360442215549734,-0.00023310598956969737,0.0171244551222302,271.61197578738967,272.35174224236374,270.89645034426417,272.44386920008844,271.6969939344711,273.6514797978664,272.60118113785427,273.65345136245674,True,8.11014500039164,0.34115410823695635,-0.2541699271269826,0.41287519310154763,0.0029658104151711667,0.08465551187565377,-0.6749511440530767,0.29644255269255365,-0.0018937559268103464,0.11258728375850305,-0.15042284610781556,0.05603595359634877,9.155875676958303e-05,0.029998740154964357,271.5626053667563,271.46550272356984,269.9909392908256,269.1049576825063,270.9633370708167,270.9967335698814,271.8807082957449,271.60800244796843,nan,nan,0.10594482138727335,3.7380268287783185,3.2127710668731746,3.1767732257338728,3.0059445270590275,3.4156096475475723,3.074969302363096,3.276479004206834,3.2966725962751307
6,line,False,30.0,0.02,60,10,True,1499.0,0.523060384156888,30.921238199458458,normal,nan,100.0-100.0-100.0-100.0-100.0-100.0-100.0-100.0,-0.6427632639595081,0.4011526442811781,-0.030833601597820955,0.2507007414551866,-0.48708532094680174,0.42589155985523897,-0.015509158944323602,0.20931971313202097,-0.3124731995864758,0.09523772304834062,-0.07849821605759094,0.08776311662630236,270.8915709290168,269.63938462288763,271.1265373386748,271.7322369502194,273.86871886504684,273.48000078429226,273.60045068289054,271.40062720714644,True,7.141487200220581,0.5739459913632943,-0.7160112570695881,0.5464811982618843,-0.0319559080628259,0.2662503396248888,-0.6303954303353643,0.6191778306087626,-0.020668847744255668,0.25081980222303224,-0.4428315608650058,0.09976212991642719,-0.11433446491197671,0.13909188256965632,268.64255476444646,271.7096251043544,272.37900201540566,270.71676235423354,275.966250382077,271.3435678525034,275.47541301566633,272.99782852246824,nan,nan,0.3823311680682549,16.62763593408103,16.78463268741039,16.968890810426558,18.159701084478453,19.722848691915328,19.36882025476738,18.95923444425027,18.00465547238039
7,line,False,30.0,0.02,60,10,True,1499.0,0.5692964065825278,29.01393880089745,normal,nan,100.0-100.0-100.0-100.0-100.0-100.0-100.0-100.0,-0.7012026698383312,0.30918900755996676,-0.007771128179519045,0.109361723054932,-0.40537993239440906,0.7013998679562876,0.006033927586932145,0.12855857239511842,-0.2277330763023136,0.1300060411376969,0.0014831609029992514,0.03643501648332185,283.977163944239,286.5554700530305,283.7115533639988,286.05926992810026,283.3981358771361,286.00020690677275,283.60008322902297,286.49893019409427,True,5.63400319928769,0.5998001475494344,-0.6805263700420078,0.2911396501869351,-0.006315108183579428,0.1091405174427293,-0.34463472171176046,0.6988570699875971,0.005334053992096127,0.12577693922356945,-0.24015601851204982,0.1078108138564269,0.022224284043894076,0.042990494421874643,286.9575558608441,290.1882688792989,288.07104466349915,289.085109082611,288.9750679209178,289.28705410906707,285.9925523398647,290.3151030964054,nan,nan,0.11586478966289064,4.1489842014899505,4.299035308193276,4.310560988791124,4.556242268245648,4.647675523404571,4.546166489555776,4.141224312601687,4.255397883725314
8,line,False,30.0,0.02,60,10,True,1499.0,0.27306757602625353,26.2901738997316,normal,nan,100.0-100.0-100.0-100.0-100.0-100.0-100.0-100.0,-0.37869933339943074,0.22281073985903896,-0.003807436335883171,0.062224119211133175,-0.0025814314342908376,0.00545441154027474,8.697410755009753e-05,0.0006893990092597773,-0.0010007668085328623,0.0005866922128228046,1.029985398037564e-05,0.00013281424427872028,241.79583788944748,241.79897984692502,241.80644213695825,241.81379331127187,241.8167910625186,241.81362015319655,241.8061984092222,241.7988071957735,True,5.998721297946759,0.30387898742853714,-0.37449981511689967,0.19414689904233826,-0.0030285880057061725,0.061292249992880285,-0.051419068753539,0.06126357644676906,-4.690269410880769e-05,0.01924550368642222,-0.021859956004537554,0.04344086403547891,0.006786616114455374,0.0166860060657142,237.7064696395652,238.78460036481553,238.0035211893158,237.6170677230922,237.5689449409363,236.87760593393193,238.3099164536897,237.22724278170384,nan,nan,0.09953537057786606,2.698057040892951,2.5858498279014097,2.952544871544124,2.4910830899596332,2.7146073288568333,2.455611401338854,2.5210400552317185,2.4316891951658213
9,line,False,30.0,0.02,60,10,True,1499.0,0.5532761803118146,29.55755529954331,normal,nan,100.0-100.0-100.0-100.0-100.0-100.0-100.0-100.0,-0.24123765229476288,0.6128417000024142,0.006324069399109156,0.09464500426578619,-0.35539989904494645,0.7007898160641493,0.0060237906697198276,0.12497130904813919,-0.11480599602871162,0.2030780391015334,0.00014292418615884038,0.030586852166294122,274.2189790224337,272.39043660459606,274.3195958316583,272.4480123920829,274.46572078276915,272.45404565447353,274.3030223017681,272.43264510201743,True,5.859291600121651,0.5920352840359763,-0.22031116817201749,0.5710541331216259,0.004966413315746196,0.09468120168042468,-0.3618107002010504,0.7142557501869748,0.005680444155781994,0.1284494472430202,-0.1673274413114012,0.15625930359589313,0.005306744374381927,0.04197843590223219,270.3936026149075,267.71632405734016,271.9509085239623,267.624590147254,271.24954201604334,268.81405209690513,270.4396514842984,268.92373395700287,nan,nan,0.11199932377020085,2.8868960984970373,2.7703649168228455,2.8844949868239347,2.7163128036498088,2.7320011567575557,2.620388908020825,2.826443850433803,2.6598196611892795
10,line,False,30.0,0.02,60,10,True,1499.0,0.20379683302501914,29.80400150065543,normal,nan,100.0-100.0-100.0-100.0-100.0-100.0-100.0-100.0,-0.3220112420407381,0.4546080565198895,0.0020301906476172748,0.11315149360045965,-0.08449563223031469,0.1012234205896144,-7.965200853609344e-05,0.028322970498433808,-0.01813739005878164,0.05816810170472299,0.0061634742525620324,0.01321155788434977,244.34522177216004,244.04946682674398,242.68459268903197,242.2196469957734,241.75657372288882,242.74339229763186,243.42353537388854,244.58400002598518,True,6.9516694014309905,0.2796948499044452,-0.3401589895549431,0.46782321169472646,0.004409154422597112,0.13239923736829393,-0.3168134843048122,0.33223152012214013,-0.005370137645974919,0.18795500321458636,-0.04642607695915741,0.10737841605482148,0.04190085680341751,0.028009654056757902,250.1666896608171,248.4402977955135,247.78849657549318,246.65903878774807,247.14123508489743,247.8278405049813,249.36536085577856,249.0535598747927,nan,nan,0.179528761703873,4.805990614210065,4.120826645674007,4.8179006751104785,3.573751416788191,4.347457016337881,4.402599552003842,5.544361392080201,4.351236064231625
11,line,False,30.0,0.02,60,10,True,1499.0,1.1462091340840506,36.976484699815046,normal,nan,100.0-100.0-100.0-100.0-100.0-100.0-100.0-100.0,-0.7044437248439755,0.7369749692430668,0.040386418953516204,0.27700030697909805,-0.7100115487553004,0.706753091523353,-0.0402126485699897,0.3040123902701561,-0.7726044371419019,1.0562382158331176,-0.029385416510741863,0.20539834715489727,318.72129015525803,317.8014175601905,314.37265690950545,321.8492686904368,315.8869774921732,316.48580468625266,319.1272857528967,319.31245947604015,True,6.13148420030484,1.030064277835518,-0.7367258052304354,0.7429398470991349,0.04897134067626961,0.28543286537874707,-0.715018782734754,0.6939041281328707,-0.0356120833371674,0.2711777073906291,-0.8052054379117376,0.3151327865233332,-0.06796013838696453,0.19518884537828102,320.9809550293063,320.0666686794931,318.4578077255226,319.4512938559123,315.96340375484885,320.47306913286184,323.05634691058367,320.2239478172703,nan,nan,0.8221090861811147,20.056019330322382,20.605704869194227,19.24466480790668,20.98220156842715,19.529883016765744,21.17872486838086,21.590341135380083,21.247838492730335
12,line,False,30.0,0.02,60,10,True,1499.0,0.9038912195013313,40.0938865004573,normal,nan,100.0-100.0-100.0-100.0-100.0-100.0-100.0-100.0,-0.7134811800905085,0.715017307932537,-0.009705167843640464,0.27224871925442384,-0.7123447976854833,0.6997078841197266,-0.016143651041076002,0.298285305143783,-0.2665730321317217,1.0646770899503228,0.1065167358018706,0.22953959358833442,309.86977499172474,309.20578054114713,308.9730463929072,311.3242667751079,312.93487075583187,314.7452732363069,313.88195877288655,312.5821397127934,True,9.166466900031082,0.8755375891160969,-0.7108608044996767,0.6839756364677969,-0.01985116798113878,0.25292650643620784,-0.722473292096411,0.7034883265369016,-0.03539915781358347,0.30071941470355557,-0.2035841876737312,0.6494230173883805,0.0605116491322534,0.12969114087059744,307.3146824844133,308.89071585199787,312.038044856548,311.31888021911794,311.78825612031324,312.88597089743683,314.92901631881574,312.6161570436097,nan,nan,0.6125955527848423,19.661163279882473,17.380970217903165,19.145436575566507,18.744820957828438,20.374234211614347,19.43592816566599,20.519679935275047,18.21859904348624
13,line,False,30.0,0.02,60,10,True,1499.0,0.6275977668547693,29.81200209906092,normal,nan,100.0-100.0-100.0-100.0-100.0-100.0-100.0-100.0,-0.6139577181796088,0.2391976070741897,-0.007154052670243573,0.09762889749123639,-0.36993688481768383,0.7009264211164692,0.006761386325974436,0.13264765685246246,-0.1920982862936167,0.11910330463805253,-0.00040841196967854635,0.030793267566331887,276.75606106062855,278.64497293714186,276.8239979904708,278.48278821229854,276.7054510920514,278.31139606445555,276.577415794502,278.48401280513207,True,6.715599299641326,0.6773819446999799,-0.6646662294442077,0.22444869305742515,-0.007153742578832142,0.09879804056662468,-0.3021045210284473,0.7095664397768531,0.007139283578222186,0.13216814011738393,-0.21217726481278715,0.07951560855666354,0.008564973700370343,0.04702339811421414,280.60354782313277,282.0984600500775,278.89171561452986,281.3725544729606,282.68173628254027,280.68148324117317,279.01850900133786,282.1631004192068,nan,nan,0.16876837409887166,3.9648767127151334,4.359409208610746,4.453965685496005,4.489388415720204,4.195612437366798,4.425127587218729,3.9790804378500035,4.378263971000599
14,line,False,30.0,0.02,60,10,True,1499.0,0.6953981865380563,35.205353399622254,normal,nan,100.0-100.0-100.0-100.0-100.0-100.0-100.0-100.0,-0.5987834188908039,0.701697404553152,0.03242958834065154,0.31780585787632026,-0.6875008352778201,0.7032516134543072,0.002423162411861702,0.27330868212028514,-0.01930739896804118,0.8929473194157517,0.20292219698390793,0.2534433382240108,278.23376658161396,276.09276942055425,273.83463906620307,272.99326528926366,273.62288712271624,276.1577076287755,278.3193360509247,279.6205597134768,True,7.3398787988116965,0.667675123705503,-0.5788782350638246,0.6961153644902196,0.03312447838870624,0.2989104897154475,-0.6568657186698129,0.6910343208623281,-0.012156046230333355,0.30906426153963634,-0.1794413587252891,0.7745111194167378,0.16418032087326176,0.2356506955519257,275.16054026836144,267.1376848569473,264.02386087766155,263.57774197467,265.932833683145,269.3416854538049,266.25123106512444,269.63678589481026,nan,nan,0.5149277052659361,17.034005739353123,16.419450780770163,15.816412650756723,13.561546114063225,12.966392208397336,14.987203304273104,16.868436326797106,17.61310370564153
15,line,False,30.0,0.02,60,10,True,1499.0,0.647929915860278,31.020122100482695,normal,nan,100.0-100.0-100.0-100.0-100.0-100.0-100.0-100.0,-0.7003421935750704,0.32124616560626273,-0.011629196100017471,0.13761309249869172,-0.1399329382029307,0.07182743778342328,-0.002727956968592436,0.019758980865538622,-0.0415241428806587,0.06151943552046168,-0.0004226313987733732,0.009355130711578811,265.1332234002934,265.218104427565,265.1751883261955,265.2947916499476,265.24172121980837,265.3121709596936,265.1997697220438,265.2354742293152,True,6.164290500280913,0.7256732485875343,-0.6569279482994882,0.3032185771996105,-0.010247351992405378,0.1370692841742804,-0.1659510436583518,0.06516056624256844,-0.0010494006401722512,0.025851358372875635,-0.11942755342489883,0.11504298011297716,-0.004094548725655145,0.033587241847057976,264.20655250884545,269.7196038338838,268.69348953268474,267.802517162941,269.4435267760279,262.9071894818215,272.8964535932269,268.36846096927735,nan,nan,0.16383821927029643,3.859256477239963,3.2386976046798566,4.991965907576274,3.45727138457082,4.2348474104775535,3.522167465843845,3.7989343620758946,4.5583388494049
16,line,False,30.0,0.02,60,10,True,1499.0,0.21438876839404922,37.13110069895629,normal,nan,100.0-100.0-100.0-100.0-100.0-100.0-100.0-100.0,-0.0573185048388224,0.06679454266037334,3.558163581316154e-05,0.017988597253453708,-0.34031046233416007,0.4728112832230518,0.002693284221192652,0.12606992481291404,-0.002842965225881771,0.03313238147752623,0.0032152539033136157,0.0072039624547697014,245.24514715040564,246.31991802359929,246.41844869464964,246.05304552871442,244.8730235519762,244.16184961004393,243.7202987410269,244.39208987671648,True,6.864594499056693,0.3550435434665546,-0.16693169244977893,0.22308230906822657,0.005581818112994652,0.09041642401045862,-0.5231712776294958,0.568179663248683,0.019480865652323254,0.24501366264777535,-0.12662211107358345,0.04257469045502475,-0.03095946693372164,0.04012825609045826,251.96468504927495,251.66795368701412,254.55357347388036,252.30414798947965,250.35386915716902,251.67532530121497,249.64567871375752,249.47373221193362,nan,nan,0.23539792597097026,9.886135329973472,9.937546249508827,11.172199020713268,9.710449840106454,8.852323649258409,9.435866904617884,8.986956478617753,8.955956052682415
17,line,False,30.0,0.02,60,10,True,1499.0,0.5215101048027104,31.241858101508114,normal,nan,100.0-100.0-100.0-100.0-100.0-100.0-100.0-100.0,-0.42705622110288766,0.7060160771308821,0.007124602532538595,0.13876828120377255,-0.2900104289361958,0.4463749292827198,0.0005374318166494274,0.08568829799049155,-0.2857822720901772,0.220600760384904,-0.005957644920070615,0.05174043805728551,280.5559707310511,277.0094890316068,280.44532062428425,277.2612907686204,280.844210076485,277.7960345407923,281.00135195065445,277.5454348826542,True,7.566184799245093,0.5621217991730726,-0.36331178833046324,0.6962726376451823,0.005055652589017776,0.13924635409273442,-0.36291160093922065,0.47836146553575715,0.0007869953307803379,0.10093360849301891,-0.40213579448293535,0.19326130286499346,0.00986758995804166,0.0784093674187208,284.5453466456299,279.35656845461483,282.02095970240117,278.8501361295696,281.68919687119734,279.61915935214404,280.8559860139693,281.0258433914826,nan,nan,0.12987133516221824,4.75575629216264,4.4292812937180654,4.300262480099397,4.0337387863259355,4.380665360079932,4.140333517001106,4.454961565169311,4.361545236455211
18,line,False,30.0,0.02,60,10,True,1499.0,0.36075810868131486,31.17601660208311,normal,nan,100.0-100.0-100.0-100.0-100.0-100.0-100.0-100.0,-0.10497389370840714,0.04296789631252619,-0.0015467737661127323,0.01258983586959848,-0.6373319620698824,0.26930143564117764,-0.0073445845019151895,0.10025576217132387,-0.008385667198745929,0.035639823089485975,0.00035106682058975346,0.0040865530248986905,246.9897966554411,246.8867374289682,247.16210258210063,246.94621034401382,247.06015333563906,246.7519935023818,246.90654525056635,246.70293841613204,True,5.998011999530718,0.36860278802048757,-0.09142707355179382,0.04788831400667602,-0.0007197202361453679,0.017878178555171008,-0.6370778370922439,0.19755179517303226,-0.0067527801489437565,0.09813553889585706,-0.03851734112897095,0.045277549638611685,0.0014408839362406584,0.020707335430504865,242.51212274609082,241.97781567729587,240.62803107746714,242.01648638009306,243.00850359424203,240.46262402875874,242.0436437717849,241.45899054196107,nan,nan,0.07914806229018388,2.6098370155903114,2.3595670126206043,2.383048592264356,2.2050606400852715,2.5259982591461,2.232278004143801,2.2680842204572023,2.1588590840519477
19,line,False,30.0,0.02,60,10,True,1499.0,1.4056416188737306,46.65538770076819,normal,nan,100.0-100.0-100.0-100.0-100.0-100.0-100.0-100.0,-0.7097224303945276,0.7393824263150908,0.04113231853765828,0.2624113431555411,-0.7009840305995115,0.7042520140969859,0.06638370424551665,0.3026853056365194,-1.091738572282279,0.8266986304064486,0.025398427918735086,0.24914396458292354,325.74796085880644,322.7929941550644,329.69612055336694,320.3016706564456,324.3187402061378,318.0452177056607,323.940980901744,320.54951657963613,True,6.492138898174744,1.121392295812241,-0.7187302078170311,0.7651873388811361,0.034512983152040204,0.24547427270992153,-0.7358616268361311,0.7468934482305378,0.05760429972092924,0.28679796827816045,-1.0150745831753176,0.8574286153566624,0.04501903808950191,0.24455090720047323,319.89286814915306,322.0228979936475,325.2308073028552,320.17889857113096,312.5974949062791,317.6024066266837,316.972116961606,318.9681305605113,nan,nan,0.47104925620609545,7.034093605011708,6.622098432595647,9.162250519615636,8.167429042180805,11.22109387853286,6.429732176508601,11.216069844818959,7.027573616584167
20,line,False,30.0,0.02,60,10,True,1499.0,0.7628761007179798,42.599555197695736,normal,nan,100.0-100.0-100.0-100.0-100.0-100.0-100.0-100.0,-0.7114565805409149,0.4846028100153184,-0.008312647006332791,0.15321104208744382,-0.7009730520601596,0.42968409146128805,-0.0025567041041860326,0.14404766843424133,-0.3588988834119523,0.2969177695021699,-0.0039654614370701596,0.07260605477715613,300.8427857455747,302.5566687604679,308.58417025759815,299.3898111547713,302.8619934466725,298.10832345868704,309.9471644622635,301.24809922405484,True,6.4296396999270655,0.7524661481754461,-0.7226313645729848,0.575901261977956,-0.006664310981791334,0.15810014240424036,-0.7116045674806535,0.3925760474097296,-0.001488461353762969,0.14101574262475491,-0.3194065053088383,0.2765879876432892,0.01326698601744324,0.07913655868394617,293.6182601404329,290.7703342012219,293.1875030762694,290.3141227540218,294.9785419036373,289.42900648644456,295.28992630028745,290.745098159603,nan,nan,0.16606285350019445,9.340253871504393,4.031066474387442,5.751526555933103,3.6009858366000627,5.318375948230986,4.591973324366252,7.6393145918725045,3.4193553729762205
21,line,False,30.0,0.02,60,10,True,1499.0,0.14654560812181391,28.624043699819595,normal,nan,100.0-100.0-100.0-100.0-100.0-100.0-100.0-100.0,-0.09310887870066546,0.04073006365740465,-0.0009269701975102163,0.010664118094879221,-0.35070160503639386,0.1610262114308323,-0.0012217812311068634,0.051989633084513244,-0.0014821829261828319,0.016832860645729343,0.00024247805322395437,0.001845080521611004,228.0832707714332,227.87562471907015,227.9724808923573,227.91974705067045,228.14560922628752,228.12055208112582,228.25632832555715,228.07711830598666,True,5.936894699698314,0.15662880454062172,-0.06249455877923362,0.055964268563084466,-0.0005838583223789082,0.024034122264954074,-0.343060541375609,0.1294321496515166,-0.0007952028105226437,0.0494954372992942,-0.03313544315093397,0.043044409229644975,0.02104917483391818,0.022989053834678266,226.41572388284163,226.39762369952336,226.1043359279409,226.16542459808056,226.1358219314797,225.93192656042038,226.44517443554253,226.3101252987656,nan,nan,0.07307286074221202,1.34698067713359,1.36022372941493,1.3962253340340205,1.3785286665690704,1.5032361464394746,1.24396499702901,1.5637550796447508,1.1967852437344173
22,line,False,30.0,0.02,60,10,True,1499.0,0.2501656445333085,30.00769320112886,normal,nan,100.0-100.0-100.0-100.0-100.0-100.0-100.0-100.0,-0.0713382365510532,0.15761501619872015,0.0009431940346834192,0.02072869754562898,-0.38036064608892783,0.6402144401240184,0.002901844049928987,0.11415623214549908,-4.46987583369939e-05,0.05415492907550044,0.003100708077847647,0.008714739634890552,259.68445397128534,260.7211386685951,261.0010451191001,260.72916640290117,259.75875626139765,258.96071585182,258.45947833475003,258.8966954031852,True,7.525877500127535,0.28890199451643844,-0.12321888427059474,0.15142932981366422,0.002904866974503347,0.04982513274827869,-0.35287905891271076,0.6532865251170427,0.008275422744942513,0.15402469996336995,-0.10623445591905673,0.07069645325686251,0.0015548938218798247,0.029604310681941116,263.51019152730913,263.6772321613994,265.65592435023297,264.92167819588326,263.0137326983213,263.7583872079853,262.4568285487374,262.3069475263961,nan,nan,0.12835131997359217,5.875851263680159,5.789990689653398,6.715176952353126,5.574878658911583,5.980940813537411,5.207163912847578,5.663572809948008,5.158146237355851
23,line,False,30.0,0.02,60,10,True,1499.0,0.9201844471022138,30.491835599241313,normal,nan,100.0-100.0-100.0-100.0-100.0-100.0-100.0-100.0,-0.7108117310038337,0.34862263943866034,-0.01348413335011525,0.14266853515651515,-0.5918548898175898,0.3438578450816941,-0.0077162556214566405,0.11002893419491169,-0.17751712396745845,0.28218430780140674,0.0009402733768368306,0.04517354976017201,281.36941226115704,281.10822969943825,280.3771381234479,280.6489497889465,282.2008047996902,280.62355103186474,280.36768133539937,281.0784132945853,True,7.485166800499428,1.085650202388355,-0.6782318680402618,0.35747456733336447,-0.011116585308797536,0.1587265336269829,-0.599650333866996,0.2993485142763818,-0.006204547706097205,0.10888179310945478,-0.2806237285766962,0.32344139706187036,-0.011019746325307611,0.06778841649544828,288.79878372246236,286.86099957298643,291.8353002783282,282.02996548359886,297.81271160130905,286.0514810998215,285.30349592492087,293.8765611622292,nan,nan,0.32637441960249836,6.897578339067413,6.107002693197949,7.7300109098523375,6.218265008552509,6.803476289779698,7.149720611160984,6.899473254070368,6.865937069951642
24,line,False,30.0,0.02,60,10,True,1499.0,0.39789561868573026,34.56992100185016,normal,nan,100.0-100.0-100.0-100.0-100.0-100.0-100.0-100.0,-0.013625268122297744,0.0055612425422627045,-0.00021130864564884684,0.0016672213716040945,-0.3119218648007061,0.6565899730019557,0.00764247374813898,0.10620169452288386,-0.004758537485047604,0.001219520326946627,-4.44366858575083e-05,0.0005495658196751162,248.8331132261268,248.88327006562517,248.87278572837263,248.89466291604435,248.84873262182487,248.86591301991717,248.83274995571344,248.85488178689562,True,7.501458500046283,0.3975792952537154,-0.04541048421064155,0.045545050835869,-0.001008052941094369,0.024246071096914824,-0.2618867162297746,0.6798046144050998,0.007724839132860639,0.10633210573419512,-0.05297567444024557,0.042745068468599205,-0.00606026414228016,0.013388238041786519,244.00852081831127,246.27525270232863,243.40635924278413,243.37572866672022,246.8400841084298,244.22292690892277,243.74302983670893,244.59494106002072,nan,nan,0.08283815688119074,2.455858210165951,2.2313781716280934,2.2317964225384497,2.3245359078158843,2.0710885409509467,2.3209678636633213,2.2309404404762443,2.0464475170747094
25,line,False,30.0,0.02,60,10,True,1499.0,0.20117138912038318,31.236937699606642,normal,nan,100.0-100.0-100.0-100.0-100.0-100.0-100.0-100.0,-0.3104013082803957,0.17942945537920338,-0.002062781714792772,0.04814609514572579,-0.015073160664239475,0.007007674187841074,-0.0001913339184205664,0.0018057093950503546,-0.0014401574284079357,0.0022675061002707,-2.6013223754662683e-05,0.00031659755335729364,235.0740863268002,235.07335577977972,235.07146825364413,235.0695259916068,235.06865002452247,235.06937160901754,235.07125302486764,235.07320370363746,True,6.621771802660078,0.21282841112548603,-0.3053761344493257,0.1422793741349058,-0.0013439390967220142,0.04506216267059131,-0.03483161331817695,0.030942661285623185,-0.00046241302535231894,0.0132360165906584,-0.023050031867044345,0.05332139543362561,0.02941564623881452,0.017921780434470423,232.42339468172446,232.82851790580256,232.51166399155127,232.45886105111913,232.71909394257793,232.13026930969016,233.02034577415145,232.3261271309155,nan,nan,0.0838819745976174,1.944401973181591,1.7854048816923276,1.7904811589852536,1.7668486881193322,1.8999823969547287,1.7757327241405563,1.9171730080677318,1.7400257016554197
26,line,False,30.0,0.02,60,10,True,1499.0,0.5922684091731645,34.39875560172368,normal,nan,100.0-100.0-100.0-100.0-100.0-100.0-100.0-100.0,-0.3297277810349793,0.702972612076911,0.008236845341078382,0.13384053130877957,-0.21925645036508676,0.35766585174833665,0.0036731475651700985,0.06021027311049963,-0.1075937568646988,0.16281162190968848,-0.0005370457764223847,0.025724168667106802,267.04946767854494,266.42188336940137,267.04859295873507,266.3262839325785,266.91935566257604,266.2739614618258,266.9216139399191,266.3579677566517,True,7.25288800150156,0.663775049610653,-0.2886431873758656,0.6908274749804351,0.007317177333154541,0.1363167391503079,-0.18551016809652748,0.35693015712475873,0.0029588348080559304,0.06166182266407781,-0.19050422349997717,0.1244345259774948,-0.01141510817058283,0.047441319668300855,273.96547197755484,271.02602905154515,275.2563622107251,273.91111084204175,272.01174168332307,271.30370965225336,275.88222408868603,272.49015444890324,nan,nan,0.1379648054704154,2.835468615407916,2.8752455605953866,2.751217319795702,2.5967569420049386,2.565573576998705,2.585453850213988,3.006379870449505,2.478232465128032
27,line,False,30.0,0.02,60,10,True,1499.0,0.4624161206589961,33.69161659991369,normal,nan,100.0-100.0-100.0-100.0-100.0-100.0-100.0-100.0,-0.33420199104079357,0.7052622751362674,0.0058130199148983056,0.11655137271954492,-0.23606756759361402,0.498158808126202,0.00296134621272149,0.0786091909689828,-0.145681516178721,0.22018782851166457,-0.001213913332348886,0.034769174588468545,265.11659084717843,263.3222569037562,265.5183168250239,263.63907494427633,265.74558801672106,263.4260637584205,265.3771413863176,263.0470143441194,True,11.108459401119035,0.4945320673194876,-0.2611725900091992,0.6799870434321192,0.004963302699612987,0.1188094220442957,-0.21258892074527516,0.5312681854148348,0.0030600132594627294,0.08175044958595097,-0.23824183173170993,0.18897896015887053,0.0017763578886521162,0.04972004595490351,264.4193070986811,261.50957270664617,264.5878641689441,262.27794264369743,262.7098259284294,262.6483716511842,263.58907361506994,262.9534384074317,nan,nan,0.10860670245189975,2.400596176778439,2.200118143399379,2.296356443757093,2.081885548591028,2.2277750767298516,2.1424129841492014,2.2062664490226918,2.1292585550647085
28,line,False,30.0,0.02,60,10,True,1499.0,0.7294184750372574,31.852974400564563,normal,nan,100.0-100.0-100.0-100.0-100.0-100.0-100.0-100.0,-0.45724999564360697,0.7122473969198254,0.005784951803416866,0.16016794355936065,-0.4991690090287023,0.6483499127516811,0.0022715792653951582,0.13698035043174422,-0.5070917523714745,0.34410254821853703,-0.002003187120872313,0.0961864597030731,296.11493823769405,289.02988993634455,293.9869756307618,289.987038894183,295.33197406532565,290.1194365957065,293.8731152718381,289.15121078122985,True,7.544571700273082,0.7704796126079536,-0.36238604701866667,0.7148079598191803,0.005045648385105897,0.16242460340377307,-0.510447604764785,0.671399634449177,0.001392442110366685,0.14592011391130857,-0.5518085145291542,0.3480983208197073,0.014170789473882877,0.11918109720630785,299.3449154373912,294.239287609154,294.17215862114614,292.8309076543121,295.36331240027823,293.97405095551284,294.1186545625447,296.69831643797835,nan,nan,0.16201786419764697,5.465516045970273,4.652313027209213,5.213044133728263,4.354436052924645,5.042093969897278,4.378586991388378,5.302288414306531,4.432051076364813
29,line,False,30.0,0.02,60,10,True,1499.0,0.3272553499137212,31.871840601204894,normal,nan,100.0-100.0-100.0-100.0-100.0-100.0-100.0-100.0,-0.4945746657964346,0.37916114183805594,-0.010416211998120366,0.18624391966594395,-0.31396675465348967,0.28423571927345975,0.0018098234574953872,0.15315844967470857,-0.03457362003224465,0.2236059626888414,0.07532572113054396,0.06447150029601095,247.92452378032027,249.5994854171351,250.38803487754097,251.7211786104326,250.90378557293266,250.330853597112,248.44695478335638,248.2328772699955,True,6.392788800760172,0.4574854364998676,-0.5893101217467277,0.4739555771042056,-0.018895840826525206,0.22225085781053053,-0.4928267503696207,0.5253416136408611,0.007624584689720941,0.22354442396466323,-0.0583241198007405,0.34186887064244,0.10217571739819503,0.114120147184461,249.20496133660717,252.96313538667079,254.25131331756094,253.31343897460846,253.97100256315997,252.88855596899612,253.88439915836776,251.6504975796017,nan,nan,0.34909284908266314,12.137448636160387,12.913222804764468,14.94964879154963,14.350872202891587,14.622703992467939,13.907406421258965,13.473142845205878,11.911696946178767
30,line,False,30.0,0.02,60,10,True,1499.0,0.9199067359422203,44.538583799789194,normal,nan,100.0-100.0-100.0-100.0-100.0-100.0-100.0-100.0,-0.7111121309745936,0.7158789042467529,0.03173173742517021,0.28965339806817997,-0.699557907130277,0.7052786026720083,-0.03285000647304283,0.2683669545232256,-0.31467448851655655,0.8577569093623063,0.06107181392749117,0.1924103810230295,319.7947893810847,323.0698706728296,319.5055355783187,312.54187878487556,313.14682154021165,315.81802246620066,323.15743228304314,323.0208576965868,True,7.4453435994219035,0.9079108075697466,-0.701565468286178,0.7350065703982912,0.036889721634407784,0.2731251819454848,-0.7029225972756007,0.721549717557408,-0.02998914434243737,0.24734481464663413,-0.3227904227997519,0.9718182399583005,0.01946528929330534,0.1681254301183494,314.1389611764965,313.03066667835236,314.95940224254304,314.25847962988524,316.12880828084457,314.95557518355827,319.92203767243114,312.36551111217096,nan,nan,0.5512313898207356,18.998211011988424,15.774367745320301,17.387528166430382,15.136704497491166,15.415615174480463,16.523826855719026,20.249139025056248,16.548520950465992
31,line,False,30.0,0.02,60,10,True,1499.0,0.3539907630429902,37.84394360060105,normal,nan,100.0-100.0-100.0-100.0-100.0-100.0-100.0-100.0,-0.4029365489970173,0.38200687960562557,0.0022806562024835766,0.19334405140185493,-0.3933711926552402,0.43824567828672867,0.009394852270144636,0.20659464392401689,-0.012464594244877013,0.3157278705442763,0.11711283478119681,0.10271225136657453,242.28896314518562,241.92634440332387,242.0533146475981,243.33253565418465,244.26886778009214,245.05536624957472,244.5120753802514,243.65911790232877,True,7.232557999843266,0.5073125896607464,-0.5032129897690559,0.5169651191227849,0.0038287493627947805,0.24045127974572303,-0.5619110845807331,0.6290115786653897,0.012947139054084199,0.3099476051126662,-0.06398020742057191,0.5117700174490574,0.1835367653821938,0.1735267868197339,246.18695158929762,246.08367701022533,251.6480951223161,248.92246502115927,243.23834356919193,247.62370599574373,244.7850227908961,240.91746731736572,nan,nan,0.21587987250809004,7.849990670124105,6.830159900157706,8.709367943447617,7.296622367712326,5.350768773794824,9.142187308972895,6.967828148754534,5.705987733186908
32,line,False,30.0,0.02,60,10,True,1499.0,0.26252473499638956,36.34768309962237,normal,nan,100.0-100.0-100.0-100.0-100.0-100.0-100.0-100.0,-0.18384616872908405,0.32727829170815215,0.002717422213829885,0.051149032505950404,-0.21845774662959036,0.3664388744745734,0.0029857899354614544,0.05913331505614975,-0.025558658335763755,0.061069599266876794,5.58405027998494e-05,0.0075675428267128085,238.94567592274157,238.65643140213479,238.98204495743295,238.63059909385407,238.90942211651944,238.56617629235802,238.8730395521476,238.5979825001888,True,6.240993798535783,0.27286617877193237,-0.11592805351467804,0.32307692440278735,0.0026252154091205384,0.04989666629093268,-0.1969504567560403,0.37555300293059457,0.0025888628396002248,0.06114634224587942,-0.05551203675042027,0.06584527251718081,-0.0032803506004876843,0.022136445866711894,237.57242295190915,238.57726854322968,236.22833291590393,235.8932698691917,238.98105236428344,237.5254438776976,236.10831367632562,235.84790395611967,nan,nan,0.06811088578872801,2.044631470246175,1.9862669013122216,1.813947608772249,1.8613870019126544,1.8009681725214268,1.711684091562111,1.9623393912231462,1.838161367209817
33,line,False,30.0,0.02,60,10,True,1499.0,1.1179759552764448,46.69428670068737,normal,nan,100.0-100.0-100.0-100.0-100.0-100.0-100.0-100.0,-0.7146214500439345,0.7095711189381594,0.041704802255297185,0.31173046673673926,-0.7086040212769775,0.7067126708590703,-0.04764159259499448,0.3119148217380286,-1.0176776620813093,0.6442594955020035,-0.10369157642735885,0.29597445057883853,318.9947020402701,315.00384816693156,316.2976967247934,312.4714465922511,315.16856448481894,315.2406807054217,315.79669219239224,317.8925060774547,True,8.201061899075285,0.9560734494359002,-0.7316494804782885,0.7450149159847808,0.04740284949537826,0.3101375007690418,-0.7211880979123118,0.6730222747583595,-0.03594446820842692,0.27507735878449524,-0.8320896194591081,0.5140492663128592,-0.09768582178027155,0.22472418782956985,318.3353526179287,312.8963653618634,316.41325600080563,310.50003833762446,313.35968534088977,312.6061723702498,318.0092239360216,312.37427338283067,nan,nan,0.8193201568518014,26.242292445303512,27.264546495379335,25.6434796951252,25.58759074081117,24.332385031206194,25.910404951330666,25.987831936526085,28.072293197965948
34,line,False,30.0,0.02,60,10,True,1499.0,0.2036788621449383,30.413937501201872,normal,nan,100.0-100.0-100.0-100.0-100.0-100.0-100.0-100.0,-0.21654746588599652,0.11255652711862114,-0.0031567184839366574,0.028618851075514595,-0.1280332094066939,0.05937573161506233,-0.0016847499314910266,0.015504442474421953,-0.006763388777013558,0.013528691068962139,-6.652407704898567e-05,0.001669186252701101,236.63765470640564,236.63787385395275,236.63643486297315,236.63419438263816,236.6324696589125,236.63225345417135,236.63369272667228,236.6359279637371,True,7.297572199837305,0.20762844672276132,-0.1952320222317874,0.08513266201550741,-0.0025704587911129506,0.027917678130896753,-0.11940809074963024,0.04104790707770744,-0.0016654627127008536,0.01680350621979906,-0.000748754277320617,0.06148012513803713,0.020163891518490427,0.016923422942467226,234.12338896726789,234.20568197413968,235.16458214962785,234.59294125434,233.82564943323288,234.862633198096,235.30353833565252,234.5082196768079,nan,nan,0.09006639103187816,1.7945989833328706,1.774531225872021,1.6757314511150507,1.7010291008754008,1.8692623219568227,1.6386570041743644,1.780688748503715,1.723192980094488
35,line,False,30.0,0.02,60,10,True,1499.0,0.8004717522513876,36.700637998699676,normal,nan,100.0-100.0-100.0-100.0-100.0-100.0-100.0-100.0,-0.7031622877582764,0.6997111806936032,-0.01569780900392384,0.26456467640381415,-0.6854562025072424,0.7005745136827574,0.03408308838069604,0.29722233506866913,-0.6568433419833827,0.025035894987058778,-0.16840170954901348,0.19205627807897208,302.9470774288336,305.37241408928134,305.4474085510204,306.66343415329374,304.5413406672877,304.09359845512245,302.03611657689123,303.00724086563986,True,7.205609400407411,0.789972573943576,-0.7276260778897092,0.594526991433452,-0.02716709701431774,0.23080526324785333,-0.6524141158229071,0.7191838062352861,0.04211005785707301,0.3146999939395965,-0.4361341037544695,0.09377465989437841,-0.08209823250240451,0.12888619670816368,306.6313554948228,311.29376190850803,315.0708347490858,310.9323258165863,309.44776832652894,309.43626232284134,310.324553963208,307.1032058112675,nan,nan,0.5589024139680199,17.947771887169644,19.00891321342215,19.194237217707876,20.652780428641453,20.265733682421253,19.83123657739528,19.073188912769712,18.172787912531263
36,line,False,30.0,0.02,60,10,True,1499.0,1.3751209271313534,46.875436999544036,normal,nan,100.0-100.0-100.0-100.0-100.0-100.0-100.0-100.0,-0.7286457180912914,0.7136253136993709,0.02990317342015592,0.31375173024359104,-0.7021241560402721,0.7118447170961338,0.02968810003143204,0.3334193958243247,-0.7018204408258932,1.1712971702181387,0.07165114650668,0.29756135865723854,340.09363401400606,333.2171895229582,339.5979707536018,330.7727307594207,338.15300303216753,329.6234948704781,339.2704515830923,332.18541590566184,True,6.559879000007641,1.1241546880127138,-0.7548525914609753,0.7706466179857534,0.01855264574991143,0.29304588872155857,-0.7125805446510445,0.773472804784086,0.02776669874134791,0.30288427031682047,-0.7647745963327882,0.9092258479283944,0.052716930245108366,0.26202626628506426,322.34187034740916,318.01911625789154,324.4092240363929,317.1894472917271,324.7372858811558,316.86061738569765,325.40235495785106,319.25931229069494,nan,nan,0.5233436802484035,16.072754271383126,16.756656671033237,15.022861094187112,15.433291125399615,15.26325585294772,14.562082803492627,13.851798591800922,15.184652943926825
37,line,False,30.0,0.02,60,10,True,1499.0,0.6309604298607209,31.500395600916818,normal,nan,100.0-100.0-100.0-100.0-100.0-100.0-100.0-100.0,-0.703293019607273,0.6201402813083944,-0.018802223532523844,0.25774721180170584,-0.7035045127393638,0.6486031467129562,-0.02413642981438735,0.2844873498929203,-0.17856356626109687,0.4008977350743483,0.02147943395747153,0.10465158770647078,277.0201783082654,278.6461003887101,276.3545935646506,281.113280361465,280.9771466225618,284.6932007233487,281.5356195630208,282.0382343987917,True,7.031508901098277,0.6308978604505598,-0.735400690792431,0.6342675908773201,-0.0250514924982034,0.28235457181140383,-0.6821177917054689,0.684695839608643,-0.016366814135822135,0.2825117251655016,-0.8625400289833671,0.08692160993896623,-0.1574856029155987,0.2513802689568487,268.2809743001224,271.3793699214994,271.27599039383534,270.2226556015626,274.33392280416035,274.46879887912223,275.9517924623371,274.02338543464134,nan,nan,0.4048429774420776,10.35301253125806,10.011132447248135,9.341091472723921,10.370761848216961,11.151987819995416,12.01328194951352,11.613849489598357,11.584132993176848
38,line,False,30.0,0.02,60,10,True,1499.0,1.2881929604994058,47.29892229969846,normal,nan,100.0-100.0-100.0-100.0-100.0-100.0-100.0-100.0,-0.7161880938034293,0.7088048170595318,-0.045162238531669306,0.33791111342670654,-0.7093435587084401,0.6998707097775155,-0.028396005381621004,0.32703616141440783,-0.3693116184841599,1.0720447927916446,0.16559159243450372,0.28514480629423067,323.6791239732423,319.1311478872377,324.26847528044436,321.13458415572546,326.4813681113275,322.33492800947283,325.9161999528051,320.4636099637873,True,7.193035500124097,1.1184044836872575,-0.725083663663817,0.7298815707100357,-0.0506062751076354,0.32069826871503,-0.7330737115667089,0.7235913159353403,-0.033248518228653885,0.3252957025715545,-0.31386050316813724,0.7847094999029737,0.09075043834660283,0.20719639835007037,315.75681426226555,315.37749220695173,320.9854246324254,317.33009518005093,319.554598940908,319.5434512883261,322.07978922469323,319.10562213755713,nan,nan,0.7500904233264251,25.444777435731282,23.059283537380693,23.78078807518177,24.231445342907904,24.699618285336676,23.601326682568512,25.35323903678042,22.826975736573623
39,line,False,30.0,0.02,60,10,True,1499.0,0.3039329852270703,31.078024300048128,normal,nan,100.0-100.0-100.0-100.0-100.0-100.0-100.0-100.0,-0.052839739472350246,0.14481594520341592,0.0014848577511046078,0.015960494355836487,-0.7000330833079059,0.3714744454463015,-0.003876561090778231,0.1141695224865668,-0.05049221600499533,0.004674760824484186,-0.0009906695940100272,0.0060818151119184025,260.1575536716462,260.2959736869665,259.9394165596349,260.3600700561746,260.24824559862043,260.7446441406512,260.49037055529254,260.66804103124105,True,6.648948200512677,0.3102071486961346,-0.10261824291448843,0.16230681000071304,0.0015274152924937769,0.034172110062658065,-0.6846059053016543,0.29689575128752965,-0.0024589890589281865,0.11162440334009578,-0.0992505035853757,0.07604489611723766,0.014801331004211849,0.030304582716898308,257.51262408349413,254.25162431097706,253.6567216615085,254.15354903781827,255.43965058690407,254.04667375510746,256.19733479244644,254.85025022515697,nan,nan,0.11166883248265883,3.087232168451049,3.097183884786,3.498454276452613,2.801266719775335,3.5103421220561675,3.1624854825776145,2.9516873288846677,2.9712530036579423
40,line,False,30.0,0.02,60,10,True,1499.0,0.2777778262269423,31.7311755985138,normal,nan,100.0-100.0-100.0-100.0-100.0-100.0-100.0-100.0,-0.2603418970914225,0.1266274516505821,-0.0024317116784308905,0.03161005598634113,-0.6911520874351865,0.39455301472009857,-0.0030680692010306727,0.1153903033373888,-0.0016692967036328417,0.09581635482169085,0.0020350783664186507,0.010238326958403458,266.0735477959269,264.7964492775719,264.85038808761936,264.718600078407,266.0013666420733,266.46598740668514,267.2911043127349,266.48773282063655,True,6.815978400758468,0.2974344320748635,-0.24377872604209738,0.22333336673117943,-0.0052737271009970395,0.09978846199850916,-0.6552616043622697,0.35962760798330284,-0.0005972426290972948,0.11690264053151374,-0.08480768958251574,0.06943572861198971,0.0024834351373550674,0.01957436740977018,263.9484765326347,262.9506671025632,262.8944885320647,262.49482796553474,266.6464254385426,263.51455167189437,265.79793754451043,262.894116821761,nan,nan,0.10516839609802767,3.0386333643344807,2.7224819700653984,3.0073249605216583,2.770390058303193,3.366455574201261,2.9622553341421036,3.2630039504846855,2.650661644637792
41,line,False,30.0,0.02,60,10,True,1499.0,0.9269177915134561,46.039087001408916,normal,nan,100.0-100.0-100.0-100.0-100.0-100.0-100.0-100.0,-0.7127046834796059,0.3274192005939952,-0.013607493485009512,0.14518000934948586,-0.6445017236529561,0.3667477086638672,-0.008066733330336561,0.11769392137738185,-0.1898020063445567,0.32382346166158615,0.0007953742483081243,0.051033135078179324,278.3540910592761,284.577227627241,289.2947473941017,282.0838231149575,281.91321603827146,283.03148180340077,288.08524697703206,285.50369021303834,True,7.357727199210785,1.0676025234701079,-0.6924601215945426,0.3479566314873273,-0.010882633015062333,0.15374221184877254,-0.6406929319932058,0.30114737314419143,-0.0074598516523857235,0.11522832027842492,-0.2687245989748533,0.3221465845405751,-0.019274566458300654,0.06567238330916413,290.1028382259153,286.09159637148537,292.98923055969624,282.55435969623403,296.98621709860697,288.6397968677414,283.724127498026,294.6089474882416,nan,nan,0.27710565343832644,10.404872541281152,5.945959098587618,10.342751053441047,6.630343618767671,7.916624190664893,6.856087894000753,8.341595055960786,6.690653712821499
4,lissajous_xy,False,15.0,0.02,60,10,True,749,0.1179649844567715,34.969556400008514,normal,,100.0-100.0-100.0-100.0-100.0-100.0-100.0-100.0,-0.2389273224237586,0.1583595056626797,-0.0050601401196137,0.0739711300423006,-0.1886585462088657,0.2449773281653464,-0.0008701777830195,0.1270862147931372,-0.0343272094178969,0.0136805419113315,-0.0013907830855067,0.0096714799730021,226.72369793571704,226.9372853501682,227.17089729831903,227.43361114800317,227.3653423180807,227.1912501398349,226.87625576000548,226.75282673728935,True,1.9299422999956728,0.1241065047848125,-0.2359250058784804,0.1877239344958557,-0.0045080323396874,0.0771986497503495,-0.1902182006935628,0.2554559325810135,-0.0013759451396212,0.1268278677369413,-0.0421265020693264,0.0313432702983089,0.0036080048763381,0.0179230468256751,228.44045944889547,227.25353944695044,229.07946954604307,228.7909805220721,229.216553106548,229.01923960036575,226.9964349693482,226.79518061687637,1.0,5.0,0.0435435442914932,1.1274419783952534,0.7128918640908799,0.8822698644082171,0.7287254437592694,0.9206608886408482,0.7154321892654631,1.0553239335520292,0.6476831068300886
5,lissajous_xy,False,15.0,0.02,60,10,True,749,0.1644635616033066,36.29408169999442,normal,,100.0-100.0-100.0-100.0-100.0-100.0-100.0-100.0,-0.1841342931518844,0.2882939570817823,0.0066859523694117,0.091138932873364,-0.2973538821336892,0.236050596748296,0.0010600878409113,0.1583160630013289,-0.0502060327355937,0.0212905905257326,-0.0021006372889731,0.0148518630442685,232.5323955400293,232.35972051240637,232.02077502512003,231.91883885276536,231.88062866594052,232.13277794096183,232.35777014749596,232.6441304699639,True,2.112710300011713,0.1584617303501991,-0.2147465029356261,0.3304431901420353,0.0072787532130389,0.0944192431518466,-0.2838351058403274,0.2658651538576402,0.0022798535378872,0.1571185638883073,-0.061715426080049,0.0313065404751654,-0.0036459604854493,0.0232042869793534,233.6211755659369,232.772574000491,231.6080350595225,231.8747290087757,232.79123708731112,232.42405673753333,231.82806579808576,233.73628394544332,1.25,5.0,0.042234303490384,1.3103936729434056,1.3152987636547002,1.608551874090974,1.246326199610328,1.2451791287906857,1.2121926029594547,1.6292181594487385,1.2812973076106855
6,lissajous_xy,False,15.0,0.02,60,10,True,749,0.2192147468858621,38.35592980000911,normal,,100.0-100.0-100.0-100.0-100.0-100.0-100.0-100.0,-0.3391644692482389,0.2033841455433164,-0.0084774274462573,0.1081184342307005,-0.3470768849357501,0.2836647635951956,0.0012463865023876,0.1891016309644645,-0.0305504312910922,0.0690315330106275,0.0030025400484159,0.0211794096963771,237.80955664648172,237.67992055756068,237.900672063698,238.05961550731095,238.39952797563436,238.35755523289552,238.28457395189545,237.92389373008567,True,2.0451058999860834,0.2187815649073081,-0.3392327006910987,0.2225479043660006,-0.0087014205256053,0.1119123639968403,-0.3647030317923176,0.2833154551385466,0.0015218349314855,0.1878498811487588,-0.0375661415499855,0.0729902576445532,0.011088091837585,0.0241311704041097,238.05185659145977,238.80566699183436,238.40234442144663,238.9749822008488,240.59054004607967,239.33158102018763,239.17503042024876,239.39711740038945,1.5,5.0,0.0598404599691837,1.852244681080509,1.8668902620168637,1.7374271332651532,1.6753499881521092,1.693007258858674,1.6049135998156348,2.0599005588962456,1.733062499127166
7,lissajous_xy,False,15.0,0.02,60,10,True,749,0.2827607922798569,39.61649580000994,normal,,100.0-100.0-100.0-100.0-100.0-100.0-100.0-100.0,-0.391734682370325,0.2240954050234364,-0.0104559283868835,0.1249800476405929,-0.3317543501431354,0.3970122536350223,-0.0014648548813331,0.2193640938142571,-0.0918883179447687,0.0414839801566147,-0.0040611704418806,0.0286136130438042,244.04737680752095,244.37612022247785,244.46965479571887,244.74362058723304,244.50801867801425,244.41367758175363,244.07279094364745,244.1150296109129,True,2.119607699996777,0.293340131326643,-0.4221544056920868,0.2672276263472361,-0.0121158660122336,0.1317261062829365,-0.3612238883246532,0.4226739938718056,-0.0021339114097238,0.2152050343546065,-0.0980581007898455,0.0434103626964834,-0.0005104999529456,0.0317408638930962,248.886973705238,248.70536286943084,250.8108895546328,249.9901133035835,250.49414404574392,249.5368817814345,249.17267420605225,248.4534691226116,1.75,5.0,0.0692428973826935,2.399697935157359,2.3840075802230567,2.3337693739447256,2.37117185580112,2.257446950729032,2.190588583673069,2.522482830704998,2.2375186361599
8,lissajous_xy,False,15.0,0.02,60,10,True,749,0.3556177659142561,38.8024435000043,normal,,100.0-100.0-100.0-100.0-100.0-100.0-100.0-100.0,-0.2525383159684039,0.4462806782575286,0.0126188651468324,0.1419762681431289,-0.3806275019117671,0.4469459987107383,-0.0017605821344614,0.2490726027710888,-0.0541886787234828,0.1191274272660568,0.0052864856628843,0.0372092868750566,251.24396093643287,251.10908645796184,251.28811151615932,250.86102774534643,250.9282986917153,250.61241194652067,250.88490233578585,250.79963706670387,True,2.219570700009172,0.3678945596815615,-0.2501234705597482,0.4725741604397353,0.0100753308132357,0.1449804944916423,-0.4060746330881009,0.4545670531527795,-0.0031326238473765,0.2447488654278618,-0.0470343631133962,0.122872823813249,0.008658243776541,0.040968591610493,251.9486122236665,252.04338738858107,252.1215839046326,252.2871700212198,250.27213685449644,251.50766139503145,250.8614855660768,252.11388958101912,2.0,5.0,0.1004901495537736,3.0533754264523667,2.870020888804072,3.0173946257015265,2.9146496083883973,2.807515582497057,3.034871724075555,3.043508435298253,2.972240415285703
9,lissajous_xy,False,15.0,0.02,60,10,True,749,0.4384556842269086,35.466535200002,normal,,100.0-100.0-100.0-100.0-100.0-100.0-100.0-100.0,-0.5031471031111985,0.2816609319595537,-0.0149723058081406,0.1594050850637411,-0.4311821736778264,0.4972670637095492,-0.0021954290988,0.2782391953293749,-0.1514868087266076,0.0688119689906923,-0.0067349961658611,0.0471590669209522,257.5775961017858,258.0860248949186,257.81956102957884,258.21396791537995,257.6969137871715,257.9231195699673,257.4733217458833,257.86447385151104,True,2.1445928999974058,0.4675398515459716,-0.538984439142948,0.2676424492343054,-0.0173236875150046,0.1675901601952465,-0.4787748778277942,0.5274966199134841,-0.0030858189223774,0.2724367591522358,-0.1625189112625614,0.0761944619063206,-0.0086424070994383,0.0498613684670577,261.2011634064173,261.8537722303743,264.08501547655345,262.0017869181236,262.36802082630953,262.3215823815639,262.83823180129224,261.8637553214284,2.25,5.0,0.1031994677020198,2.7699430027750043,2.6149564830339704,2.9036840912552537,2.7655201572402195,2.6329777504217704,2.6635131722106347,2.9183610066485497,2.69020846245118
10,lissajous_xy,False,15.0,0.02,60,10,True,749,0.533274148949594,32.845548399998734,normal,,100.0-100.0-100.0-100.0-100.0-100.0-100.0-100.0,-0.5627299999412972,0.3148654376226587,-0.0175066179963194,0.1778423640091958,-0.5481006576643631,0.4922359186961015,0.0031547342791804,0.3069798964157079,-0.0861093511702264,0.1899919282105661,0.0085845961651354,0.0590851154981308,265.18855540865513,264.51645316498883,265.0421432119852,264.44525596614784,265.1402810419864,264.66050748687314,265.3252200123525,264.6864736483076,True,1.9834193999950005,0.5253438603687153,-0.553684342118118,0.2868464953880727,-0.0202981100533622,0.1821931451948242,-0.5491778683477312,0.4996162875686719,0.0025475584295688,0.3051564792505699,-0.0955257915357338,0.1691196193907352,0.0094202280147272,0.0567595576791618,260.84949372650146,261.46494051882706,262.0604477492272,260.94125561564533,263.39321009915994,261.53601262527854,262.78732702247765,261.1569433520867,2.5,5.0,0.1109023505846674,4.720235506258014,4.401489401306548,4.4958955401500456,4.413939685528204,4.718672638054034,4.387782692375059,4.548872975441107,4.309393994636292
11,lissajous_xy,False,15.0,0.02,60,10,True,749,0.6445279751903776,27.61430309999014,normal,,100.0-100.0-100.0-100.0-100.0-100.0-100.0-100.0,-0.6253850117350556,0.3548599613968728,-0.0203849161909755,0.1980278784574739,-0.5995553097302263,0.559038038177384,0.0050200042645799,0.3358310024932893,-0.1114564967404908,0.2362893611455838,0.0109791876240884,0.0744366541475919,272.5836625571777,271.6246480330651,272.4016138987815,271.48531453948686,272.4339774225945,271.6729504814853,272.6417310828363,271.7791009147282,True,1.6807782000023508,0.6284834884275228,-0.6101909220185645,0.3065921522915663,-0.022733355818588,0.2001335139561943,-0.5977956763313488,0.5463073375084775,0.0029926958451358,0.3340658905822967,-0.1183567470198414,0.205785287555629,0.0102868670881858,0.0696555368254263,267.9294348276615,268.7886035609541,269.5401038396758,268.00709375150814,270.49685113929024,268.60438860474545,269.87622216021595,268.50210167291453,2.75,5.0,0.1368877630830419,5.717385961372315,5.253841049831217,5.556813772106413,5.349677948436251,5.749558081308613,5.27333350778618,5.452997789716136,5.18651585972472
12,lissajous_xy,False,15.0,0.02,60,10,True,749,0.7763319211953335,29.1778814000063,normal,,100.0-100.0-100.0-100.0-100.0-100.0-100.0-100.0,-0.6914993474755073,0.4038192720686365,-0.0236268760251871,0.2218315247760979,-0.6313690284631256,0.6502680358869449,-0.0083082835844911,0.3654701245513498,-0.2895484251379259,0.1488373259466426,-0.0132867412607296,0.0954517266967489,278.988997070822,280.2322626085949,279.1044313242047,280.15904804278824,278.88498742001855,279.9231215718868,278.76946468985483,279.9963977238631,True,2.146808700001202,0.8546208942398477,-0.6950493726952575,0.3697214721598743,-0.0267597163587153,0.2431331665806924,-0.6480299579544089,0.6693232469897399,-0.0117847974417012,0.3597806663251838,-0.2958924986076183,0.1979376333124678,-0.0222331169681211,0.114895577425379,280.53425401108746,282.93626002404955,283.2955044089036,281.3663891901932,282.8888420065504,282.07125159794407,281.97156008065866,282.66172287896245,3.0,5.0,0.2200171010116913,4.70726844320083,4.514896407335407,4.704165766647455,4.522349534388232,4.776087422690708,4.540710442816404,4.72061793791297,4.6481046739458245
13,lissajous_xy,False,15.0,0.02,60,10,True,749,0.9003960303258858,31.237463899984505,normal,,100.0-100.0-100.0-100.0-100.0-100.0-100.0-100.0,-0.7113418929827586,0.4565199916442137,-0.0266820618470889,0.2371744610213089,-0.7001417111856983,0.7008577206949123,-0.0134364276814539,0.3920795797983032,-0.327582610631793,0.1689824305377321,-0.0132739031905775,0.1116073690533831,279.9150105237952,285.20405867873825,281.0270458522241,282.06733382510663,283.8373658409162,281.93998129571327,280.6293941343748,284.92707226938927,True,2.4155701999989105,1.0476167033559232,-0.7080293304419667,0.4349240902303152,-0.0337558582410915,0.2742378714286957,-0.6690908471170126,0.6839987627237958,-0.0187814503722742,0.3854186615449423,-0.3600912076208974,0.2707564927405848,-0.0255832067986329,0.1523024644408155,287.03043000835265,290.25986764503574,291.00040666785526,289.0939425706231,289.67462411725705,289.6806511758161,289.0025992471056,290.24013634246336,3.25,5.0,0.3267638713961434,7.923686023603135,7.354886827567607,7.586908865550906,7.527360916474934,7.549858657483057,7.742619015167628,7.542490871602528,7.401705604937251
14,lissajous_xy,False,15.0,0.02,60,10,True,749,1.0542017695380506,37.56225019998965,normal,,100.0-100.0-100.0-100.0-100.0-100.0-100.0-100.0,-0.4890485044608119,0.7113192695689112,0.032573358392872,0.2583549705826029,-0.7002818828625172,0.7012529820612128,-0.0176421887169149,0.4147705811717573,-0.2090144244314425,0.3447730494802907,0.0168663885268414,0.1333161212332839,292.97711557497706,288.09558208515585,290.69294410229173,290.1206952643457,290.51180119745254,289.83597572172306,290.29092132134843,287.80884211448654,True,2.035163800012924,1.0839284628905057,-0.4667164215444561,0.7128508201826188,0.024875078355494,0.2603542089468456,-0.662492727501617,0.6875669889043062,-0.0198926258617475,0.410202480267351,-0.2678101654135619,0.3102465227732744,0.0052499226288114,0.1226603064409023,288.8837970908692,287.356274659236,291.36595343981736,288.54230814171643,288.80028937642066,288.28238512342574,288.6946854310997,287.82405645360126,3.5,5.0,0.2876871613720888,7.491999140545244,6.6934436549879965,7.015354530455344,7.422432340459713,7.392957012270858,7.637318218456065,7.072262788481502,7.141023138137687
15,lissajous_xy,False,15.0,0.02,60,10,True,749,1.2420681347096958,44.36928350000926,normal,,100.0-100.0-100.0-100.0-100.0-100.0-100.0-100.0,-0.7128286616709957,0.5023193185007696,-0.0399910204364581,0.2845548601429111,-0.7013403872602815,0.7003663472195709,0.0222521149027863,0.4388991779919887,-0.2886934160006593,0.4428741019760405,0.0195127819737242,0.1679710421533256,292.9753937728617,297.74515988759856,302.2960770898583,294.4852119314299,297.10040322500873,295.41911575198344,301.7028974544264,298.66890851008446,True,2.185140600007798,1.1297783506690875,-0.716537065789139,0.460260101684505,-0.0423883331804801,0.2623645177922641,-0.7083520513507926,0.6629576347866414,0.0170257361129686,0.4283976258361929,-0.2066169201972342,0.3128941231372254,0.0006110384949092,0.1103263070108942,288.198075031522,289.38187077941313,291.4459827939918,287.44736240839995,290.2187130133296,287.51152076991355,291.5445177542397,289.46191429575583,3.75,5.0,0.3646465234859567,16.16981605844171,12.74558511048117,13.538077213705666,13.031615893075095,13.94083572959037,12.76086074655241,13.586864062144244,12.290998666935392
16,lissajous_xy,False,16.5,0.02,60,10,True,824,0.0196983380372032,30.06169829999726,normal,,100.0-100.0-100.0-100.0-100.0-100.0-100.0-100.0,-0.0388985980408693,0.0675908266588567,0.0009270658201619,0.016514367640485,-0.0526439558800798,0.0389448894522118,0.0001942121674698,0.0265171089664903,-0.0020951199738739,0.0005730589478516,-0.0001108472399357,0.0005297382612694,217.5495458766161,217.35787828607852,217.2809310961385,217.3689731052556,217.3705799165737,217.29767179004384,217.3706023068328,217.63316646292063,True,2.402272800008177,0.0401348250477413,-0.0719747456883194,0.0798625630281018,0.0015034301550029,0.0252901870684073,-0.0556128841071697,0.0454431859075406,0.0001057406464313,0.0288052106141338,-0.0350492306923552,0.0293216226627458,-0.0034862140714592,0.0160539217225487,219.7789169107251,217.97755707854515,218.6869459178676,217.65788270072548,218.9684791434789,217.8683504782588,218.2501918931095,217.92016297007527,0.25,5.5,0.0429825649192378,0.8897088251450708,0.2307100043839706,0.9178603605272488,0.2901241622355733,1.1577652578991804,0.3688885540929401,0.7919279414461844,0.2416891743136087
17,lissajous_xy,False,16.5,0.02,60,10,True,824,0.0416976690108945,29.346282999998948,normal,,100.0-100.0-100.0-100.0-100.0-100.0-100.0-100.0,-0.076326539286513,0.1319980083778732,0.0019015475501415,0.0328082240481678,-0.0778941016831946,0.1052477286428702,-0.0003910493174077,0.0530369887433872,-0.002292039526936,0.0081707927748215,0.000415479526603,0.0020455402294335,219.09806597333272,219.11042361257188,218.98639725842224,218.8525325204801,218.76254686176037,218.75397833292848,218.81630847053336,218.9693854557761,True,2.0345266000140327,0.0482207910044734,-0.0961639002216867,0.1334892131224974,0.0028601454997132,0.0346050139963398,-0.0840837770109538,0.0962913234397143,-4.275437322525582e-06,0.0567050512537358,-0.0348298782949385,0.0268016854199841,-0.004778335415884,0.015432912411768,219.67210644068211,218.28237917043623,220.13008129166096,218.94852310497075,219.03646662336445,219.92087822168995,218.8957581962004,218.91607511752548,0.5,5.5,0.0405809235669742,0.9238093999976156,0.4037303202821766,1.0030318984215851,0.2940728205112212,1.1986327372133938,0.5257463947917222,0.8993955570270983,0.2806632848806588
18,lissajous_xy,False,16.5,0.02,60,10,True,824,0.0686202911807049,33.32667339998716,normal,,100.0-100.0-100.0-100.0-100.0-100.0-100.0-100.0,-0.1107970716808362,0.1805799885490741,0.0029507500731823,0.0482821634802654,-0.1168565701953745,0.157832983566179,-0.0005996549749768,0.0795570569463498,-0.0051567398660957,0.0166879830827117,0.0007139662280542,0.0040618794398958,221.72854855481168,221.70823770848955,221.5521945980309,221.3248616310189,221.2144738478424,221.1983610334064,221.3369660595409,221.53413621017236,True,2.189265499992871,0.0719403750760814,-0.1281078922776169,0.1927169752721142,0.0041094230888212,0.0503111968890175,-0.1440113571911376,0.1474701905318886,-0.0004979630197458,0.0834723788700399,-0.0354102985492481,0.0251440241285782,-0.0030437109388966,0.0166723623319322,222.71093523054776,220.87614130701635,222.1355870006044,221.5874137357688,220.42439360520729,222.1824851258565,220.40099227789895,221.3242789625636,0.75,5.5,0.0423768568521613,0.9595376728532709,0.434346260079253,0.8670190844692099,0.4350625706169304,0.8722257894418431,0.5459601236680979,0.9871610136955532,0.3595161367122739
19,lissajous_xy,False,16.5,0.02,60,10,True,824,0.100790176220548,37.21274779997475,normal,,100.0-100.0-100.0-100.0-100.0-100.0-100.0-100.0,-0.1404424720505135,0.2256327016781735,0.0041029200930891,0.0633176068792081,-0.1558521783043848,0.2103693972471062,-0.0008334821420037,0.1060745195458893,-0.0091681797608112,0.0279298613380677,0.0010010496533346,0.0066567779986909,225.1794550606278,225.088956518986,224.94460816402503,224.6075672130413,224.52397937313825,224.4710346249392,224.7094439758163,224.9001802231845,True,2.561388699988129,0.1016389685888737,-0.163125834654495,0.2503321418856798,0.005389308058693,0.0664139520566099,-0.1869078429325958,0.199174460579515,-0.0009783920322505,0.1088641450019824,-0.0352134115859225,0.0455266226018242,0.0015402026949412,0.0173319167831277,226.77753715371128,224.8896686322259,224.1961542622008,225.0330333721284,224.79971174108795,225.1281109488329,222.83032390295608,225.09578052568145,1.0,5.5,0.0414845350318288,1.0688597159133597,0.6779883882440185,1.098835288536057,0.7033807461310833,0.8886185007157563,0.733116718944057,1.2261151338694107,0.6402546486370664
30,lissajous_xy,False,16.5,0.02,60,10,True,824,0.9795515097442116,39.35923129999901,normal,,100.0-100.0-100.0-100.0-100.0-100.0-100.0-100.0,-0.7109690261922655,0.4488992001361749,-0.0227384624194934,0.2362371047114234,-0.7014099781289547,0.7001321940308335,0.0161432346189938,0.393436627850137,-0.1519547943545894,0.3503123140993728,0.0114823168026879,0.1013485139418654,286.98475529008584,284.4587786243099,286.8084053390372,284.2336276505087,286.6691201890359,284.2601137269135,286.88026677166107,284.48524272227246,True,2.32212680000157,0.9095467377898008,-0.7047746368084646,0.3811129530827554,-0.0263995695024193,0.2254381321961089,-0.6828266959512558,0.6193466791960467,0.0090407721468326,0.3824357582215655,-0.1258117450221854,0.306261814025586,0.0085066394113592,0.0908996197788548,277.6557970927348,277.8185897469636,278.7348400566359,275.672363546374,278.80643494991835,276.20988525688045,279.0556290352005,277.0989565375605,3.75,5.5,0.2168600044393637,8.15372153071028,7.451502486964722,7.807151333298397,7.491053057923894,8.334390466496805,7.382135039747855,7.65627719624323,7.280010610613212
31,lissajous_xy,False,18.0,0.02,60,10,True,899,0.0180280892001206,32.57203109997954,normal,,100.0-100.0-100.0-100.0-100.0-100.0-100.0-100.0,-0.0342168574928777,0.0626303880379689,0.0008091298758677,0.0142749472587314,-0.0327316239670035,0.0449447955784837,-0.0001786509313052,0.0223743107255916,-0.0003811615490363,0.0016627874719074,7.99183231391714e-05,0.0003782222619405,217.49058861899425,217.5438824044567,217.25153058984253,217.18741780940508,217.31163758474187,217.32661474565688,217.17638027915825,217.25376283736333,True,2.687630100000206,0.0408536937561919,-0.0610438086971926,0.0759234629575712,0.001071813786537,0.0251969393151418,-0.0421369314209566,0.0478428218007649,0.000200248480781,0.0248573243382638,-0.0382174718341893,0.0279472618355262,-0.0042572336006193,0.0162237687876531,218.28090113726765,217.88499290891735,218.478936248748,217.66509003227424,218.42997583686608,218.10713500780275,218.39659072265815,217.2307040990756,0.25,6.0,0.0432620828516839,0.8204958355247632,0.2656434093385043,0.9561212292228696,0.2706134902604483,1.0576796537129276,0.3254594775414486,0.8140785117731119,0.2215170985140282
32,lissajous_xy,False,18.0,0.02,60,10,True,899,0.0376370231864606,39.940399300016,normal,,100.0-100.0-100.0-100.0-100.0-100.0-100.0-100.0,-0.0674019572827514,0.1242672082896416,0.0016508775232451,0.0284512573110462,-0.0654547936920696,0.0898497248060909,-0.0003612756047066,0.0447686955612188,-0.0015246092220675,0.0066015148345135,0.0003128466361933,0.0014940119894266,218.6640356576118,218.66591161407945,218.5467944493004,218.41913615763667,218.3448418471703,218.33425356290925,218.39960730374145,218.54167003413573,True,2.8112599999913077,0.0459815131596853,-0.0890332060988738,0.126019332186951,0.0024845175727432,0.0308411984845493,-0.0877631573812289,0.0810173026815367,-2.088315326089527e-06,0.0479550820951172,-0.0348011074360101,0.0292258543027235,-0.0044000048267002,0.016043178513577,219.14230982494203,218.1551785271437,220.26422316825872,218.4024920835389,218.8220029390743,219.65748825684864,218.8571896314889,218.63936509496168,0.5,6.0,0.0438901264885065,0.908609848129113,0.4280529581730674,1.1074775707680584,0.2965653721319295,1.2529060267014387,0.5149791650094744,0.9283518668793768,0.2774275218061628
33,lissajous_xy,False,18.0,0.02,60,10,True,899,0.0610566877408413,43.15666329999203,normal,,100.0-100.0-100.0-100.0-100.0-100.0-100.0-100.0,-0.1713837608471782,0.0983677044588682,-0.0025421392929118,0.0419299146757686,-0.1347240706072486,0.0981620322538225,0.0005550599605109,0.0672011037760464,-0.0034304105917987,0.0135463687605207,0.0005593423441968,0.0029741771743861,220.2973817326125,220.28056550169248,220.41663013396183,220.5998822318558,220.78332696734324,220.75615482637568,220.604337976938,220.3912202934829,True,3.005117899998368,0.0670800172465316,-0.1581589305698158,0.1236931160836771,-0.0018692445253452,0.0436363658401815,-0.1476805633687333,0.1139068444071609,0.0009154773512272,0.0697843514683061,-0.0303276444570112,0.0242367535015092,-0.0012257396512751,0.0134804082297514,220.16748267872924,220.92497787678343,220.8166750498954,221.46870474026667,221.8631576537448,221.7966302369356,220.8950379544077,221.40326065036928,0.75,6.0,0.0480018959046552,1.0322689417819642,0.4263944205489132,0.7642062399324429,0.357167487744193,0.7858413619099851,0.4980245883882239,0.9747851164054347,0.3838760088662751
34,lissajous_xy,False,18.0,0.02,60,10,True,899,0.0886287581826384,37.59534739998253,normal,,100.0-100.0-100.0-100.0-100.0-100.0-100.0-100.0,-0.1259697608484017,0.2136860086776503,0.0035014484042074,0.0550345693430328,-0.1795850319580424,0.1308486835476353,0.0007699325773706,0.0896899917406133,-0.0225777199666298,0.0060993909936422,-0.0008025186219134,0.0048398801649533,223.51702899618385,223.38983622854693,223.0740810626564,222.97099186154367,222.89346459328172,223.0947185270248,223.28108750478424,223.5647825877929,True,2.8842646000221066,0.0848390281914985,-0.1573466231011213,0.2388928365833899,0.0046528968175955,0.0598234247353837,-0.1761530879712314,0.1461891898642999,0.0010587370051319,0.0917727325352457,-0.0320978251910249,0.0258777394700016,-0.0041429113447072,0.0157860096038493,225.6199039922824,225.1720856788431,224.08855817162905,223.9712716286883,224.58932143607703,224.82566552193455,224.2827951482077,225.71223107078012,1.0,6.0,0.0399394530486423,1.152898433283701,0.6142362214074268,1.0080794925145158,0.5934755566624716,1.0070458863038805,0.6495438823207987,1.1153917712330172,0.643205623364044
35,lissajous_xy,False,18.0,0.02,60,10,True,899,0.120832175725856,37.83919689999766,normal,,100.0-100.0-100.0-100.0-100.0-100.0-100.0-100.0,-0.2560963569917228,0.1492591096090026,-0.0045407414671902,0.0678674648309842,-0.1635143137699971,0.2244292334767141,-0.0010166163251681,0.1122549505536339,-0.0338895753349438,0.0095340010805778,-0.0010571985814377,0.007167284344485,226.10112255823083,226.3888553796016,226.54438450778645,226.93594642407095,226.82518938940837,226.75362529040729,226.33211945401197,226.26064359606843,True,2.439006199989308,0.1238039172549785,-0.2513261547598497,0.1697306081931807,-0.0041569746149006,0.0705874009650404,-0.1838330498264692,0.2357628339699994,-0.0010624980605428,0.1138208569681833,-0.0405772516764415,0.0387483014420889,0.0051659237860204,0.0179241552019373,227.82814048953955,226.919310787918,228.34210647232436,228.19261955182884,228.4938016341773,228.1751031253464,226.6021728360249,226.27747077210776,1.25,6.0,0.0476785433652418,1.1884737622654864,0.7621280256405415,0.9126149621380708,0.8707075556143333,0.9237520028775164,0.7970273037203093,0.982303251750429,0.6998844735868064
37,lissajous_xy,False,18.0,0.02,60,10,True,899,0.2017244888759729,40.70230350000384,normal,,100.0-100.0-100.0-100.0-100.0-100.0-100.0-100.0,-0.3430926281227771,0.1964163181813567,-0.0068932393893568,0.0930181510328107,-0.306701321854734,0.2288145101795292,0.0016064217738851,0.1577313846526849,-0.0187307823719891,0.0624540046818425,0.0019803595272626,0.0137639166943528,234.47938413264015,234.2291566105729,234.7078358585333,234.72131816611525,235.22122507098632,234.9288694963641,234.9618646949762,234.3800987200052,True,2.630919500006712,0.2051543478648454,-0.3438404083972142,0.1969109479199707,-0.0068872345373182,0.0959378487129116,-0.321994991779683,0.2235092170878472,0.001743239814137,0.1576096867359653,-0.0243608470498992,0.0662851255201647,0.0151107549695577,0.0185692704743082,234.8070595392195,235.8215130349136,235.0423125424961,235.81256553864773,237.21746101412725,236.0984129263675,236.0929821361084,236.03453394589428,1.75,6.0,0.0639632116038592,1.781285895042774,1.4106508978797725,1.4395740060332387,1.4624097153852529,1.5287848456447042,1.3830991336766956,1.644023719127892,1.3280094389890793
38,lissajous_xy,False,18.0,0.02,60,10,True,899,0.2514583432530877,30.56266629998845,normal,,100.0-100.0-100.0-100.0-100.0-100.0-100.0-100.0,-0.3877997850662465,0.2221976730964584,-0.0082160264851041,0.1053949986570945,-0.2614881243322161,0.34540818242452,-0.0019713228202743,0.1806555953627346,-0.0798352042913622,0.0245212562921917,-0.0026381916596029,0.0179998334630672,238.9534233896858,239.46887026200395,239.3917712784809,239.973027577138,239.5985177474323,239.74741879326984,239.1284704878396,239.3082478191618,True,2.2767992999879425,0.256814535065242,-0.4099204339839811,0.2238357610285169,-0.0088228612892831,0.1109167751602149,-0.2869321842600606,0.3585118115187274,-0.0019541025821232,0.1790201041120884,-0.0828976159162959,0.0377617287253076,0.0058218419981054,0.0244551417959069,242.52720459654836,241.4289585761099,242.7279564041182,242.247891166364,243.40972401435556,241.9093047147516,241.53221943361385,240.85937723930607,2.0,6.0,0.068245411248401,1.8630657814356408,1.475391223841141,1.5131950162365075,1.5752828355062964,1.5646395709144931,1.4941584161665715,1.6126860646158778,1.4020576951065873
39,lissajous_xy,False,18.0,0.02,60,10,True,899,0.3081073689023279,26.994973999985632,normal,,100.0-100.0-100.0-100.0-100.0-100.0-100.0-100.0,-0.4335675674082468,0.2466068320307638,-0.0096297247060301,0.1177648880790847,-0.3832461879513386,0.2942241935857919,0.0024038623257796,0.2037128634731797,-0.0311404235506831,0.0995942997379914,0.0034254910469296,0.0228672567942169,244.4753249244301,244.0246243401569,244.58408969254563,244.3716056207168,245.007458299914,244.5965365241608,244.87488563745603,244.1906855440882,True,1.6349306999973123,0.3079420377501968,-0.4329128685775814,0.2127106337377817,-0.0095988036789599,0.1201520367433463,-0.3934570733136775,0.2944324911479681,0.0022573100863346,0.2023723121132042,-0.029577888555105,0.0978486507564685,0.0146622192133651,0.0242864535173931,243.1408635696644,243.26800484464064,242.5603872940245,243.3482680684656,245.14119074774632,243.2306732372701,243.7342255354956,243.37818999279312,2.25,6.0,0.0769574396665023,2.457087030609937,2.089758815366081,2.2343838774060254,2.205133969159053,2.2995651350844764,2.2390226742299424,2.320765395647345,2.0909135663516034
40,lissajous_xy,False,18.0,0.02,60,10,True,899,0.3721890651630224,27.431105500009835,normal,,100.0-100.0-100.0-100.0-100.0-100.0-100.0-100.0,-0.4805351431867475,0.2705228162382318,-0.0111213065623609,0.1302654558383786,-0.4208357223685755,0.3270773589275104,0.0029257631219831,0.2269065361988098,-0.0386290157446803,0.1222246812019264,0.0043276406682341,0.0283578773279395,249.89547898396088,249.3268099089489,249.9412647409591,249.5717938551043,250.29480651262415,249.8119825144824,250.23780788273243,249.5069452837576,True,1.7729181000004246,0.3687286189198019,-0.4780417132362509,0.2166962045842763,-0.0109775309392995,0.1327483286613348,-0.4277115797802196,0.3338488260686896,0.002576828379608,0.2243849168725636,-0.0408174030137788,0.1171511547712874,0.014236409237265,0.0297497126594066,247.7966509057072,247.47359337346327,247.10755683316404,247.81664043310727,249.50192300206092,247.4218959018428,248.39246057827432,247.47724739425945,2.5,6.0,0.0842839784691813,2.9438791807678437,2.6220531703431,2.7492376820985265,2.7159408543981463,2.835469168072009,2.7991948480254263,2.833250437632702,2.644694301609438
41,lissajous_xy,False,18.0,0.02,60,10,True,899,0.4443767369523981,29.06852310000249,normal,,100.0-100.0-100.0-100.0-100.0-100.0-100.0-100.0,-0.5288713089263052,0.2934025468872406,-0.0126914903584384,0.143007406435521,-0.3601210519793902,0.4586786844765145,-0.0035535902413872,0.2502660695406917,-0.1483249053340299,0.0470390540110072,-0.0053627439582738,0.0345552196062923,254.88924733105569,255.67421022445163,255.14279453243617,255.86717536677895,255.1009374394456,255.62472031503896,254.85414670648373,255.50274842786936,True,1.7011962999922616,0.4596197108585462,-0.5607719739801469,0.2455231197973211,-0.0139659536519592,0.1518692190773235,-0.409467084906341,0.4734830661497851,-0.0033930207042976,0.2452616815999786,-0.1499972753915417,0.0548175388975292,-0.0026019779572962,0.0380472444682943,257.4542671879373,257.65929864799347,259.75060219757944,257.984112249659,258.4517785473835,258.3975363974464,257.9560578267289,257.6405342876658,2.75,6.0,0.0866740821068601,2.2676247464469323,1.9725646518992488,2.1589405296016047,2.0010286412629603,1.9934609290129088,2.035604119278801,2.3076885580938917,2.005065493350928
42,lissajous_xy,False,18.0,0.02,60,10,True,899,0.525353613634359,26.98220480000145,normal,,100.0-100.0-100.0-100.0-100.0-100.0-100.0-100.0,-0.3148647351568426,0.5789530138014858,0.0143424734384493,0.1561165129195612,-0.3934871391907071,0.4971715307173041,-0.0043028435744325,0.2738056042629065,-0.0564563511348551,0.1783487065582226,0.0065214045920963,0.0415113770585901,261.3997061158926,260.6716397695399,261.53374359368047,260.6316811084404,261.37919685794765,260.47787602083747,261.27350624747527,260.4473439427386,True,1.7567241999931866,0.5450310820411618,-0.231311050821154,0.6021358107697808,0.0127602121229816,0.1593096116339112,-0.411701281046804,0.5006003139889397,-0.0052480702993353,0.2696789322518299,-0.0717009703758677,0.1710528776223774,0.0055097740146464,0.0430160749502824,262.4562640078985,261.02928805971584,261.90467982706497,261.00901871862965,260.5873543817857,261.3023463115482,260.3768272066882,260.91976151119934,3.0,6.0,0.1157697563363148,3.118846076213973,2.854509901714036,2.978773563658315,2.884382646182821,3.042896926882199,2.881419638075987,3.1917641331396904,2.833061285005567
43,lissajous_xy,False,18.0,0.02,60,10,True,899,0.6154898373829106,25.941870599995127,normal,,100.0-100.0-100.0-100.0-100.0-100.0-100.0-100.0,-0.3359876056333469,0.6308923233517767,0.0160533122944375,0.1697385971744577,-0.4302762124054991,0.5363154511749553,-0.0052240638183961,0.2973941943348812,-0.0669930378665994,0.2136352203620358,0.0078125133762036,0.0494849114087092,267.10362353959823,266.2009119833829,267.3291250657509,266.3221376978776,267.2983374326621,266.1731802696649,267.1091342886497,266.01259729028163,True,1.760212600009254,0.6395770846169732,-0.2491152564027434,0.6511054787180284,0.0141905623423635,0.1739344944119759,-0.4402127773043415,0.5439468112374224,-0.0067790993893045,0.2926802964839314,-0.0777996410393487,0.2067734688925442,0.006185089994318,0.050341649857555,268.7384762487376,266.65675604394585,268.2011532091137,266.92540737874094,266.84521621028205,267.276071780149,266.4105670902883,266.7043657919318,3.25,6.0,0.1374077786183881,3.7360203067112514,3.470786687219098,3.666297090053845,3.540865415145713,3.71951891147704,3.5352733646192767,3.8103532175362136,3.5053680424474347
44,lissajous_xy,False,18.0,0.02,60,10,True,899,0.7146687250509066,25.371007299994744,normal,,100.0-100.0-100.0-100.0-100.0-100.0-100.0-100.0,-0.6850389537812099,0.3572535402704009,-0.0177586829519558,0.1840448427759078,-0.5765267996367562,0.4779691839357591,0.0064853000673828,0.3210825855398282,-0.0784912011766318,0.2556177870261303,0.0092401121419072,0.0588498420946458,273.29533378107703,271.973388193406,273.21463834062524,271.9592723493185,273.2754674197919,272.1106659832515,273.4077245701169,272.0898715517644,True,1.7716287999810447,0.6925783958735309,-0.6595391977972931,0.2811668755737389,-0.0179173922592496,0.1860060155738064,-0.5693732272425133,0.4920640998092823,0.0058881596220168,0.312223862291243,-0.0937716997877268,0.2187046154853962,0.0097003689577896,0.0571941943991341,266.7102432987476,266.9202692882678,267.7525701105561,265.8626053705239,269.10489332003533,266.78260453723647,268.08082660876704,266.2656260327085,3.5,6.0,0.1384183983150009,5.4161944256452585,5.111298677963633,5.31711680676846,5.2165095141407285,5.552419815475753,5.232430852983208,5.341911147565927,5.19543930355157
46,lissajous_xy,False,19.5,0.02,60,10,True,974,0.016611632047946,23.998545000000377,normal,,100.0-100.0-100.0-100.0-100.0-100.0-100.0-100.0,-0.0583227420538697,0.0305008571477116,-0.00070398875575,0.0124816185514575,-0.0280411951988787,0.0387689456096622,-0.0001743094048075,0.0191636518478351,-0.0013384864374159,0.0002616533756987,-5.888968296096685e-05,0.0002789818098411,217.2866507393853,217.1082354379216,217.1679949707724,217.4705243820927,217.43977945734017,217.1767912988667,217.1025591813374,217.26264058628325,True,1.8872098999863736,0.0426812241595033,-0.0436519705893455,0.0509879726775879,-0.0001372853458814,0.0180622446528543,-0.0406967133326311,0.0480198758468614,-3.6113790869963714e-05,0.0213087171520183,-0.0348412943873865,0.025112707725444,-0.002718978925337,0.017344492931906,218.2730396393032,217.62300805314013,218.4678947860356,217.7200400921364,218.63234575154064,217.6734464138239,218.08636267464905,217.1678732681125,0.25,6.5,0.0445725841565499,0.7856836161672145,0.2433327438670452,0.8899613717622652,0.2309342012436649,1.0092513473739957,0.2815545034037817,0.7644112949681826,0.2230444483360396
47,lissajous_xy,False,19.5,0.02,60,10,True,974,0.0343412135252821,25.141491799988216,normal,,100.0-100.0-100.0-100.0-100.0-100.0-100.0-100.0,-0.1167633751995498,0.0602514910210411,-0.0014308345235537,0.0249303452546941,-0.0560472544625482,0.0775023870114174,-0.0003524118720292,0.0383473922618384,-0.0053702003729896,0.0010464185411431,-0.0002362004008848,0.0011183274736467,218.03989090835364,218.1091951956357,218.23009403144783,218.3446705368124,218.3524969719489,218.23498529240797,218.0988344511344,218.0370989322664,True,1.7656343999879027,0.0479018371263653,-0.0979775598213679,0.0881085607407132,-0.00101612737994,0.0266643317082717,-0.0733455837948171,0.081890523215418,6.214055514817027e-05,0.0417480328511177,-0.0430951540610397,0.0354136727031032,-0.0026128222054604,0.0196043590061467,218.82337288516464,218.11327924028123,219.0083909224102,219.01833548154443,219.22475360062376,218.9892098532532,218.2592937053802,217.53327455390965,0.5,6.5,0.0485605384143453,0.8600031514149656,0.3582235032978746,0.9801407447310772,0.3136140209602859,1.0736588196593284,0.4424362237183601,0.9023558741510754,0.2950014445843835
48,lissajous_xy,False,19.5,0.02,60,10,True,974,0.0549916631101493,25.62558590000299,normal,,100.0-100.0-100.0-100.0-100.0-100.0-100.0-100.0,-0.088325277586531,0.1628125518182571,0.0021920531350206,0.0368088762148396,-0.1162442352836922,0.0839904986625361,0.0005396738932339,0.0575709493952037,-0.0111339595719205,0.0023537812175134,-0.0004395409276043,0.0022501280867244,220.08057167849157,219.9416934955492,219.73034459294385,219.63609397508765,219.61435041373343,219.7344964967008,219.9008742624432,220.08363405032364,True,2.039788800005226,0.054396712616909,-0.1193792647316105,0.1712089798796724,0.0029878477548179,0.041203941588474,-0.1173295999632769,0.0952771225335034,0.0005703883837026,0.0601641606056168,-0.0325622808418249,0.0254195070123559,-0.0059357683020579,0.0159687861603135,222.28414198812075,221.02140524852075,219.87420841348268,220.20907690980172,221.34480115423733,220.82823368925563,219.62939905308943,221.5020952069316,0.75,6.5,0.0446175684992612,0.9549425474822796,0.4657224855925366,0.7745687669416598,0.3968144565762843,0.9323146871971854,0.5493110340975238,0.853901252400324,0.4122484131589714
49,lissajous_xy,False,19.5,0.02,60,10,True,974,0.07898022418603,30.485442300003346,normal,,100.0-100.0-100.0-100.0-100.0-100.0-100.0-100.0,-0.1139547658670119,0.2030781729453702,0.0029997042533285,0.0483478983786737,-0.1550028659236236,0.1119859989813144,0.0007431978168643,0.0768552259200136,-0.0185048152627637,0.0041835283570671,-0.0006415890749198,0.003640995989028,222.35993661854903,222.23151128496343,221.9287811839316,221.82432976025143,221.75361620488465,221.93843394496307,222.12273368963943,222.3920147708272,True,1.705462399992939,0.0746769252292929,-0.1454782334805792,0.2236220303936161,0.0039556287524072,0.0536614309463829,-0.1545289069216863,0.1253574136901774,0.0008354388456043,0.0791411041231523,-0.0306576768446165,0.0242256632796487,-0.0052879822241305,0.0154939046927705,224.51515191606265,223.9945805824256,222.9353616152096,222.84649045447563,223.5575320087867,223.65482321598995,223.00188811590104,224.49754396874135,1.0,6.5,0.0429507865016113,1.1120066244876716,0.5681758075796182,0.8473073534410693,0.5342123847912171,0.962035234764757,0.6118845791889201,0.9657318324612044,0.5673998304948734
50,lissajous_xy,False,19.5,0.02,60,10,True,974,0.1066345189258903,30.293784100002995,normal,,100.0-100.0-100.0-100.0-100.0-100.0-100.0-100.0,-0.2425000728705335,0.13617786640697,-0.0038625757722112,0.0596450872384673,-0.1937651299144523,0.13998268080218,0.0009709082813229,0.0962227982461104,-0.0065366131544802,0.0276959640000712,0.0008530431634467,0.0053577014364932,224.5035757896802,224.4247518196331,224.73178925593484,224.90457229838503,225.2228193433347,225.0714625965295,224.93719534054011,224.54236477361945,True,2.161110599990934,0.1088664036457383,-0.2367437579130081,0.1528243984092771,-0.0035281685276835,0.0620069364052736,-0.211822070510962,0.1554684100675826,0.0012115990746135,0.097722922718978,-0.0120503737907141,0.0389863110144111,0.0084385087650622,0.0149318528837577,225.29332525710188,226.07136139162623,225.91660113786665,226.362667123732,227.28018035112336,226.94271270035784,226.35316502079505,226.75911889745316,1.25,6.5,0.0494834343103349,1.154770233537316,0.6498980205424284,0.9211788261661628,0.6818486564316383,0.8957557984871575,0.6902384636846363,1.0582995857539903,0.6664539499514833
51,lissajous_xy,False,19.5,0.02,60,10,True,974,0.1384193992570662,31.458578500012663,normal,,100.0-100.0-100.0-100.0-100.0-100.0-100.0-100.0,-0.1566901769316481,0.2825525820486836,0.0047858047424376,0.0707731518124032,-0.1679790151266908,0.2324313016639065,-0.0012307005643659,0.1156993040722814,-0.0094149350343591,0.0387685917647924,0.001082031091427,0.0074354844810257,228.4621793812716,228.2255724855149,228.14444120710456,227.64176141032323,227.67074075713413,227.528325184873,227.938062031966,228.0552308991004,True,2.1626152000171714,0.1343898276349415,-0.1896529566331039,0.3154182670860095,0.0056590652566361,0.0767370220030433,-0.2190301920842629,0.2175677388211531,-0.0009692472395618,0.1181158337717577,-0.0383516407977923,0.0504288573608849,0.0038581704833618,0.0187438578145831,230.48025301976173,228.72477458751203,227.56082572137143,228.62155282532527,228.4926495807577,228.46900990115745,226.6839077260816,228.99732288781303,1.5,6.5,0.0489352334943804,1.312991528647724,0.9336995258548388,1.0223415835677294,1.0469041390645668,1.1280428911474587,0.9778763772929152,1.1380993873208871,0.8874104328509514
53,lissajous_xy,False,19.5,0.02,60,10,True,974,0.2164358263550451,31.01908560001266,normal,,100.0-100.0-100.0-100.0-100.0-100.0-100.0-100.0,-0.3644088797178978,0.2082137535907491,-0.0068370484398512,0.0926483948471442,-0.3046936902975689,0.2240223765816148,0.0018492827335738,0.155128972683467,-0.0167788772335639,0.0661904266669626,0.0018830213862288,0.0130869054616264,235.29833912461527,234.9856833587582,235.557568764397,235.50954986518656,236.0813472246577,235.7014085891579,235.79002167958305,235.12186057384585,True,2.031716000004053,0.221388146794094,-0.3656860093686048,0.1915546134118105,-0.0067468797386199,0.0954498410018996,-0.3197288305332424,0.2287020008700063,0.0019104753841859,0.1556523849180215,-0.021698231749173,0.0694592433311523,0.0154920151540796,0.0178168083862914,235.45166718200613,236.1235412515015,235.4954335260632,236.18001900048552,237.608932860454,236.5190850705991,236.3859771023984,236.43956117969407,2.0,6.5,0.0679180097022592,1.904359238616281,1.5165818319607238,1.6166603901423398,1.631674142176022,1.703347872843937,1.5355068630547533,1.7024568495462595,1.46967773646706
54,lissajous_xy,False,19.5,0.02,60,10,True,974,0.263618889606956,30.97861030000968,normal,,100.0-100.0-100.0-100.0-100.0-100.0-100.0-100.0,-0.2315076101678001,0.4063242673426873,0.0079720307024668,0.1034280313313825,-0.3393752555712273,0.2520701381606228,0.0022246586701463,0.1751384505350318,-0.0826650608754178,0.0212918540841308,-0.0024473172774431,0.0166523529445807,239.93944284036183,240.1676779923936,239.4448195009053,239.69591995245435,239.241118164514,239.8361012702076,239.6884146747177,240.377337440154,True,1.9386610999818004,0.2577189604442552,-0.228632115044156,0.4501883351599745,0.0091061055062439,0.1090181738453611,-0.3263041289721496,0.2622268408284166,0.0031531427660593,0.1739265816279667,-0.0966325370359715,0.0355299790385042,-0.0024353053287889,0.0275605474745737,242.09688973984163,241.11784896935103,240.37951489282284,240.4710238177041,240.73279503045623,240.5859148262165,240.6226166460668,242.0612931009676,2.25,6.5,0.0512547311154849,1.693401393785055,1.585507695658199,1.7083406014797369,1.6442027755670152,1.5903366429354813,1.5030293031605595,1.6645075142873254,1.4676719306560957
62,lissajous_xy,False,21.0,0.02,60,10,True,1049,0.0316588619533418,25.85826450001696,normal,,100.0-100.0-100.0-100.0-100.0-100.0-100.0-100.0,-0.1092103831037731,0.0544176692362314,-0.0012444804138475,0.0220243678198331,-0.0495131239409242,0.0675201449997274,-0.0003126153803235,0.0332002900273828,-0.0043787291830472,0.0007363649289247,-0.0001780366502076,0.0008473133527416,217.81398688764557,217.87813284816048,217.99094075011917,218.1054064247027,218.1180733734771,218.0083839238517,217.87490258934935,217.8161008126735,True,1.8025796999900197,0.0465391469070073,-0.0915959680337131,0.0824589143389909,-0.0007961069351751,0.0240548377439913,-0.060021187811531,0.072749429187654,-7.469034010732485e-06,0.0358147963812583,-0.0437652180436779,0.0331169963536314,-0.0024227854899141,0.0192479200763195,218.76051241285225,217.8849214453698,219.16283638129727,218.73617385464908,219.1558792202424,218.70897792165283,218.24919004442955,217.3708915544821,0.5,7.0,0.0487283461110559,0.8345818953827018,0.3452330119689943,1.0116957908936448,0.2766154842196082,1.119950695723929,0.4235236799637949,0.8907988354966951,0.2818168627992183
63,lissajous_xy,False,21.0,0.02,60,10,True,1049,0.0500532172761809,29.72143270001652,normal,,100.0-100.0-100.0-100.0-100.0-100.0-100.0-100.0,-0.1548369282271613,0.0800248713626162,-0.0019008322478962,0.0326216785663838,-0.1012702489470362,0.0742859410200428,0.0004767326973643,0.0498408367774102,-0.0016552432165793,0.0092519694098629,0.0003483422230652,0.0017452598808209,219.1399931647981,219.1273953018294,219.25203112027063,219.42398550303363,219.58545117883332,219.55410463389765,219.4080259014005,219.21796108353007,True,1.809588399992208,0.0576788943456652,-0.1433014053770708,0.1059326050669177,-0.0018250601042241,0.0340515941417657,-0.1120895976005873,0.0856832582983664,0.0006104825203806,0.052095649173686,-0.0278167078530434,0.0311300871852489,-0.0021357481305664,0.0147141936034172,219.05549777839008,219.7019464991805,219.45257661506457,220.22273328613463,220.4940679600963,220.3387290537424,219.581150813389,219.92447391032144,0.75,7.0,0.0521827976395331,0.9366545467291468,0.3798500722871887,0.766560280690762,0.2674454570015987,0.8182701725905065,0.4411260077638668,0.9151076303418652,0.3049346890482599
65,lissajous_xy,False,21.0,0.02,60,10,True,1049,0.0951919746673529,30.44921510001041,normal,,100.0-100.0-100.0-100.0-100.0-100.0-100.0-100.0,-0.1250090894019818,0.2304986713706069,0.0033208658958917,0.0529074853992121,-0.1238995308821839,0.1687686742641418,-0.0008435815144034,0.0832897692458179,-0.0045861848694272,0.0229140814136481,0.0006914231825415,0.0041136015382006,223.9149484001089,223.7827606483132,223.6295891380209,223.26360855977785,223.21357673294528,223.15157035801255,223.4377492929693,223.62096261185332,True,1.8433984999646784,0.0910721522428522,-0.1515027850622735,0.2565487133408075,0.0033442928087297,0.0575472628576342,-0.1439504397824979,0.1582019371316145,-0.0005564691219623,0.0859638461876192,-0.0307882406046588,0.031697875444787,-0.0007567468094025,0.01545009940347,225.95520696987745,223.79054909384675,222.39575550270777,223.8057629931084,223.91319693536295,223.7641669331001,221.5690804167972,224.15940508645716,1.25,7.0,0.0478117864880675,1.098630171116059,0.4939580742785611,0.7361602701723826,0.5581293800589652,0.8628330501967493,0.5946074734671173,0.9068143635185468,0.4838890112792945
66,lissajous_xy,False,21.0,0.02,60,10,True,1049,0.1224853215528665,28.29258440002195,normal,,100.0-100.0-100.0-100.0-100.0-100.0-100.0-100.0,-0.1460897869702163,0.2677397095604542,0.0040961302135105,0.062785120927895,-0.1487728250451406,0.202497773809121,-0.0010568870516589,0.1001380282956737,-0.0065951184111174,0.0319747246023708,0.000877718557022,0.0056726280330924,226.6651910611345,226.4578350942127,226.33853674368012,225.8756830836488,225.87151075507333,225.7590740147518,226.14056054387925,226.29050846288575,True,1.7350064999664028,0.117329240941113,-0.1757823829945963,0.2996187554129015,0.0042154446350813,0.0688681426594432,-0.1773429353470429,0.1891199144254577,-0.0007844873676171,0.1024563675689855,-0.0345928076925575,0.0431726384003292,0.0023541805941903,0.0164144475952396,228.5848226199489,226.8425526792832,225.5959556736205,226.8431483609404,226.52360453874343,226.67907208586985,224.74950978235523,227.2046200817921,1.5,7.0,0.0479544164231836,1.1942544050986303,0.6944473983121604,0.7978493537278131,0.8043082094173772,0.9586049243764408,0.7822407268126466,0.9222461152611208,0.7031995040419813
67,lissajous_xy,False,21.0,0.02,60,10,True,1049,0.1533687976570101,29.833776399998897,normal,,100.0-100.0-100.0-100.0-100.0-100.0-100.0-100.0,-0.3055388455551012,0.1702977430590609,-0.0049191350219772,0.0725419883170336,-0.2361647537572477,0.1736976937716492,0.0012973714581074,0.1170995651953525,-0.0089655001338259,0.042670704820037,0.0010843965471761,0.0075220861096812,228.89554316673997,228.71292235011035,229.1875165998069,229.2771660542089,229.7432349597098,229.4480824549169,229.38626060900373,228.82152858587312,True,1.7525870999616018,0.1574423162526062,-0.3047176120656359,0.1693811642515134,-0.0048503602525312,0.075340617237189,-0.2547113642166819,0.1877226815678792,0.0011124675536381,0.1189902060756738,-0.0222039174250623,0.0486783353405167,0.0131061589204181,0.0164995184191577,229.74806619667712,230.5122218076092,229.90406434070232,230.75376992812824,231.7174388707335,231.1232027696711,230.58052918851857,230.9475828854533,1.75,7.0,0.0596499045018264,1.4106440476363382,0.9964149333186816,1.1388068953550523,1.0940051657248475,1.1475619607703986,1.0264425094591998,1.2078227217335211,0.9799461025278928
69,lissajous_xy,False,21.0,0.02,60,10,True,1049,0.2276022906173339,32.46843869997974,normal,,100.0-100.0-100.0-100.0-100.0-100.0-100.0-100.0,-0.2166342479634675,0.3826427899199807,0.0067312689111913,0.0917306088500512,-0.2238503927412093,0.3001758578304906,-0.0018606302586667,0.1515008576027476,-0.0148040632869871,0.0687029037104792,0.0017666034406123,0.0123794890494909,236.7840801812799,236.33699705715875,236.46415931697885,235.7269464898744,235.96037901310137,235.60051030273024,236.24480180806935,236.15484036451485,True,1.898053900053128,0.224881681131382,-0.2147876474536181,0.417501952656703,0.0079261963929019,0.0972321483089708,-0.2543768272411189,0.2860738948270388,-0.0011948238134405,0.1532165562298346,-0.0497254994360312,0.0645927183219009,0.0045572267210749,0.0211863225045366,238.05488496220823,236.99987143977137,236.23746347183132,236.8228873800492,236.84806247762825,236.331886036355,235.65466235888,237.1930636772428,2.25,7.0,0.0565699877913249,1.7405952196997834,1.5332038880876624,1.6457651507818178,1.708514121858479,1.5845259834285106,1.5473156649678717,1.6551487584537332,1.4155885852312784
70,lissajous_xy,False,21.0,0.02,60,10,True,1049,0.2717162355120547,31.093980600004212,normal,,100.0-100.0-100.0-100.0-100.0-100.0-100.0-100.0,-0.4220134538735161,0.2373248518903922,-0.0077237064221481,0.1011897261934646,-0.2491309084849393,0.3312406756133528,-0.0021940576204863,0.1690021925890732,-0.0841775647061736,0.0182881809713538,-0.0022407911301193,0.0153966110910966,239.449433485489,240.1086805870277,239.9108753224905,240.6830295442937,240.20103180595345,240.4817341592638,239.6792894305022,239.97685180342856,True,1.8061633000033908,0.2782151632632522,-0.4433769410235296,0.2029553448021019,-0.0084509616507948,0.1073009085943623,-0.272402354234159,0.3386593907037572,-0.0020307269807677,0.169273844132154,-0.0852164603280574,0.0424508241046805,0.0069121916397536,0.0235061369556636,243.05722401225017,242.1517049547412,242.8430443106601,242.48507177159163,243.65701929627505,242.12844838713931,241.5444712017798,241.31708901081157,2.5,7.0,0.0661124232337336,1.8317734707838769,1.5174214320642143,1.649433763128778,1.5854286893311915,1.6192893685994412,1.5399552516905537,1.596093430561056,1.4768600126643054
71,lissajous_xy,False,21.0,0.02,60,10,True,1049,0.3210415501836994,32.08981100000892,normal,,100.0-100.0-100.0-100.0-100.0-100.0-100.0-100.0,-0.4620136155664606,0.2572378169001921,-0.0087654600386507,0.1106607791548437,-0.3616985486570069,0.2746171130635595,0.0025702039460871,0.1867501436058014,-0.0222763694460829,0.1013159753805077,0.002806258908868,0.0188147903109198,244.1791295687701,243.58875043638213,244.3682491535628,244.0213356845569,244.8339059551819,244.23239585426495,244.6114345710148,243.75080764229384,True,1.8707165999858264,0.3249486892992708,-0.4615956637487447,0.1977138667955136,-0.0085655054740263,0.1148656723318862,-0.3689184067059168,0.2788231572875134,0.0021850809317038,0.1872697636870757,-0.0276124323009175,0.0982534241354678,0.0129433027450711,0.0219817391060106,243.38201459841775,242.64560221019275,241.8959577713873,242.86159957809704,244.860276787283,242.81049263629964,242.79746203002065,242.94487073078253,2.75,7.0,0.0715292296951909,2.448948779768203,2.2154395421043884,2.4100377881388413,2.297627950280728,2.246652082363735,2.214903457165925,2.381434016984567,2.1504292919147487
72,lissajous_xy,False,21.0,0.02,60,10,True,1049,0.3760468038810461,31.356358200011528,normal,,100.0-100.0-100.0-100.0-100.0-100.0-100.0-100.0,-0.2767073513133866,0.5028345022285146,0.0098492962080296,0.1201979836568694,-0.3003756844503781,0.3916360321888513,-0.0029965505449597,0.2047891897253199,-0.0268155337264183,0.1201586409429766,0.0034711660464932,0.0226612363061237,249.1377250409502,248.45859212920035,249.00702881700985,248.06566467737773,248.6250449981576,247.91186952257905,248.73483458847,248.25117706468868,True,1.8577473000295868,0.3851036348103923,-0.2379709333800655,0.532480994985524,0.0108026027449051,0.1243014617548425,-0.3352592327886222,0.3770391267434674,-0.0018878470831303,0.205912430243552,-0.0594717578142297,0.1060095444948628,0.0021926416898602,0.0269764088969645,249.84632638662336,249.4105219233158,249.67030087087852,249.02076878949296,249.0138549281523,249.0154080335674,248.29668909097663,249.7675991391257,3.0,7.0,0.0747338567762176,2.081790083001434,2.039042348641249,2.063008134260366,2.172299614120976,1.9589976822777635,2.029690211422503,2.144374406173847,1.9262948145268888
73,lissajous_xy,False,21.0,0.02,60,10,True,1049,0.4372606384575073,30.001720000000205,normal,,100.0-100.0-100.0-100.0-100.0-100.0-100.0-100.0,-0.2946326502046807,0.5447677094551939,0.0109751382976323,0.1298599569700376,-0.3265120383738944,0.4213239465550207,-0.0034827794911201,0.2231721377620366,-0.0319201296550779,0.1411398287647621,0.0042317913835797,0.0269581642298198,253.59956248613017,252.8488651411844,253.5472774623388,252.55360527091423,253.22976858445605,252.36948193416748,253.2692598823143,252.60960084066951,True,1.793294800012518,0.4522728607653656,-0.2626454428825176,0.5715759972703477,0.0114786001731564,0.1363300510345447,-0.3459588580748866,0.4092596296844679,-0.0027515036982695,0.2238517549911562,-0.0641720027648384,0.1244010005237808,0.0039510947119816,0.0293754725218481,254.5349650068603,253.34571370734017,254.23881257838863,253.1408034849217,253.1409758955168,253.32849040521916,252.70603504692957,253.59148217001916,3.25,7.0,0.0875389827451304,2.339282044589527,2.214750304990589,2.283263575389273,2.3857928540298885,2.3218696071840443,2.273901900617969,2.367628371975393,2.146929108346612
74,lissajous_xy,False,21.0,0.02,60,10,True,1049,0.5052811574668534,28.75087199999689,normal,,100.0-100.0-100.0-100.0-100.0-100.0-100.0-100.0,-0.3117526923254035,0.5876744430787484,0.0121360689902625,0.1397252318303899,-0.4510559978547097,0.3531358639324692,0.0040390707215652,0.24196218799937,-0.1645527622547304,0.0376678643067042,-0.0050828396583062,0.0317361201734815,257.22691921515167,258.015889795123,256.9850817740031,257.92444290410805,257.0296617634661,258.0867736673178,257.2771972799617,258.2532866501629,True,1.8670117000037865,0.5282541134236842,-0.2483109034890542,0.6195342664161072,0.0115281321899063,0.1512935870730214,-0.4258200444974112,0.3883880996095332,0.0052734887327814,0.2413736139254181,-0.1631141170982431,0.067233817668241,-0.0056268329427001,0.0437409893985625,261.64921348872303,260.2957411654903,259.6020628693717,259.35306439644154,259.51348628591614,260.41714871548965,259.55185263900097,261.28967476145607,3.5,7.0,0.0932873366144729,2.996778513369655,2.780489592483011,2.855787045835545,2.79074690690317,2.9892326261514266,2.691802907092341,2.93771964604899,2.7633947159325807
75,lissajous_xy,False,21.0,0.02,60,10,True,1049,0.5805555624053605,28.206622100022287,normal,,100.0-100.0-100.0-100.0-100.0-100.0-100.0-100.0,-0.3285835279601425,0.6313992174823965,0.0133275375599725,0.149835612398574,-0.4813476667561405,0.3804162663451521,0.0046744372136081,0.2612314895414263,-0.1918868329547822,0.044160035712955,-0.0060937006117312,0.0372580257564517,261.6854743312576,262.66733546890043,261.5467064199797,262.69098658359627,261.69751103757216,262.87967192684533,261.8571016548092,262.90536704019047,True,1.8419337999694108,0.610901323608685,-0.2735998284909377,0.658493880171042,0.0121215577700479,0.1628275405146433,-0.454979322692019,0.4271825886443192,0.0063517837924584,0.26129976670792,-0.185417065407261,0.0776059601426486,-0.0077238640296195,0.0503968849151495,265.5133993899868,264.64226330550105,264.062191204298,263.4925585858749,263.6079146725495,264.9071931170497,263.941024522613,265.41564335642926,3.75,7.0,0.1126812594844913,3.570398944103059,3.324783688326968,3.461796200540715,3.3738220642132277,3.5770653364115064,3.275688874242879,3.536115696239847,3.3320218623572337
76,lissajous_xy,False,22.5,0.02,60,10,True,1124,0.0144141758210145,26.245849200031444,normal,,100.0-100.0-100.0-100.0-100.0-100.0-100.0-100.0,-0.0250206210410449,0.05119374317223,0.0005356689157226,0.0098209741648253,-0.0214959151521463,0.0296598353900541,-0.0001220892167354,0.0145117627578277,-0.000134992058061,0.0009005333133825,3.398536333432011e-05,0.0001635349153801,217.35687551725084,217.3576815919424,217.0583121549498,217.0049687093241,217.21581751698957,217.19673443516464,217.00760302149016,217.07728964921748,True,2.04983219998212,0.0413414583115794,-0.0544296164283521,0.0678207290682997,0.0005748109173801,0.0249417185763963,-0.0317373383859595,0.035657583064211,1.955908134977808e-05,0.0167997365316619,-0.033621175160481,0.0187091809766707,-0.0044892558417895,0.0140314278620653,218.380338240246,217.7543212025204,218.06105543887955,217.58692906481963,218.36974016016245,217.9268209755169,218.0576234079878,217.2407910485261,0.25,7.5,0.043919799327699,0.7501362742171321,0.2365273530495548,0.8385631789602733,0.2500710808463657,0.9041645064766636,0.2747150844963711,0.7154520944475115,0.2029317379219155
77,lissajous_xy,False,22.5,0.02,60,10,True,1124,0.0294593371903409,28.973228399983785,normal,,100.0-100.0-100.0-100.0-100.0-100.0-100.0-100.0,-0.102485049953645,0.0495954076439027,-0.001083419129084,0.0196258220323947,-0.0430018220829708,0.059311651973112,-0.0002461818944178,0.0290354213565784,-0.0036109074553856,0.0005402297067043,-0.0001364429158504,0.000656022352939,217.64372267266907,217.7026450963676,217.8089243279817,217.9265686937751,217.9374574874961,217.83605665737028,217.70535871881012,217.64861486440984,True,1.9202295999693888,0.0458990259792788,-0.0859496171879392,0.0772519289516552,-0.000731371840371,0.0219488979299008,-0.0477563221329055,0.065458217410049,6.116577621083113e-05,0.0312701365096649,-0.0438232625724984,0.0326394262777925,-0.0021470089874255,0.0193514578084195,218.6488436897764,217.7556713524544,219.50744740053727,218.5586518802245,219.1208232603988,218.50160190838776,218.35632006246237,217.34553548625905,0.5,7.5,0.0491399811605013,0.8284942252203013,0.3449574888518589,1.0487420641825802,0.2580329611770628,1.1632790086347289,0.4125895385003358,0.8869285731988488,0.2737210013873445
78,lissajous_xy,False,22.5,0.02,60,10,True,1124,0.0460781223719454,28.69500379999772,normal,,100.0-100.0-100.0-100.0-100.0-100.0-100.0-100.0,-0.1476456506699133,0.0731581149843528,-0.0016513174232868,0.0291554817482952,-0.0889529938975685,0.0645281341873243,0.0003745807894303,0.0435830593358273,-0.0012164994135246,0.0077622061661623,0.0002783202322115,0.0013824880648628,218.7670195564971,218.75638523453435,218.87531154956284,219.0435011498174,219.19360470329576,219.16372217861465,219.0174977161359,218.8388898057017,True,1.9654378999912296,0.0544333823406012,-0.1367918139726887,0.0994443174322391,-0.0014964202300822,0.0310273132124134,-0.0982879988111635,0.0747878220271755,0.0004292979138829,0.0456648130301341,-0.0291727271135306,0.0327895576883659,-0.0022649734987614,0.0153569935441237,218.88191263837692,219.1720613146724,218.88560420990504,219.739151246146,220.02055609774447,219.7772438477744,219.02134037614772,219.3152469804514,0.75,7.5,0.0530601423986141,0.8965528490011326,0.3699127704603258,0.809639525785166,0.2593945233564614,0.8705415631421255,0.4381573386011924,0.9029617360837564,0.2913663333160733
79,lissajous_xy,False,22.5,0.02,60,10,True,1124,0.064918014096739,29.79472720000922,normal,,100.0-100.0-100.0-100.0-100.0-100.0-100.0-100.0,-0.0952056827332524,0.1848495142208041,0.0022437921760557,0.0383283128113933,-0.1185910812546555,0.0860854862001778,0.0005104166189038,0.0581674864351703,-0.0128918806602716,0.0021653410816818,-0.0004179936745647,0.0022252654893758,220.82660767360483,220.6948293699777,220.42672979429145,220.31791433420037,220.2603187451043,220.41528391485917,220.59489970360548,220.83421289104692,True,1.9011035999828887,0.0614389621266834,-0.1251640097839093,0.1976622957361904,0.0026877522766616,0.0431473977575994,-0.1215047559046181,0.1005017860869175,0.0004554874223261,0.0602891839073182,-0.0292689907981012,0.0211810144561564,-0.0057458217438406,0.0137898617503097,222.914706925619,222.01831160180788,220.93248322559745,221.07916337433895,222.0414480103637,221.8738788297344,220.658781540668,222.5705962375232,1.0,7.5,0.048345871683466,0.9602418792458648,0.5241442112209403,0.7552165385151854,0.4488272259290778,0.856834960576948,0.5606278317945064,0.8563891114340205,0.4633301294516161
80,lissajous_xy,False,22.5,0.02,60,10,True,1124,0.0860887799005294,30.059273399969243,normal,,100.0-100.0-100.0-100.0-100.0-100.0-100.0-100.0,-0.1153421522054249,0.2198335858829732,0.0028674047867018,0.0473228592458035,-0.1482202101343424,0.1076939213057123,0.0006570149190782,0.0728026297761919,-0.0191715739458004,0.0033890840429898,-0.0005628543170833,0.0032341619752118,222.82946864527435,222.71482043435475,222.3621299931881,222.25202797150428,222.1430610239863,222.35978188973507,222.5447191180636,222.86550088100705,True,1.9725534999743104,0.0800309231552184,-0.1452869869359276,0.2433065994009692,0.0034990135210199,0.0523663924437541,-0.1510239219570051,0.1309750215366334,0.0005849123234949,0.0749531275455649,-0.0268071407852125,0.0213186340125288,-0.0040455027180818,0.0132358166535923,225.02149802753192,224.5419680521809,223.68774380945916,223.31227218182207,224.01431309494768,224.22674631197975,223.7233045317753,225.02976183984111,1.25,7.5,0.046426834770047,1.10961054512958,0.5890766713680871,0.9440745931512484,0.5607279255416121,0.9758952482561298,0.6374786908594005,1.0296149325532409,0.5772343518896502
81,lissajous_xy,False,22.5,0.02,60,10,True,1124,0.1098343797150073,30.00461550000909,normal,,100.0-100.0-100.0-100.0-100.0-100.0-100.0-100.0,-0.1367843938653104,0.2546474308739412,0.0035257864526016,0.0561652748316858,-0.1778321186889445,0.1293680859108197,0.0008178971080976,0.0875036088739315,-0.0266944585012572,0.0048910684076802,-0.0007179627831727,0.0044396820824472,225.138671043871,225.0621457531441,224.62342372113736,224.53562114722752,224.3614027115672,224.64355153694365,224.8135102683299,225.2196023480273,True,2.0455685000270023,0.1030763287886159,-0.1608720451008767,0.2859995576142925,0.0041917481849326,0.0611697095929748,-0.1800431328486829,0.1493845627775122,0.0008672935314672,0.0892551661599162,-0.0326477759505005,0.0207748030415352,-0.0011744988205937,0.0129342046291595,227.5191312693157,227.154049270415,226.413415156319,225.85005014533144,226.4061101763882,226.79083989900096,226.50131798909104,227.68440630629183,1.5,7.5,0.0441039032649932,1.1656433146527816,0.6820904606044847,1.001941765115156,0.6541510232506123,1.0517557297045583,0.7247271255555128,1.0459150411678204,0.7213304173577867
82,lissajous_xy,False,22.5,0.02,60,10,True,1124,0.1364434984320753,32.98100720001639,normal,,100.0-100.0-100.0-100.0-100.0-100.0-100.0-100.0,-0.2899008907760374,0.1593377713563977,-0.0042215004452135,0.0648983149056125,-0.2074134429469803,0.1511399767590569,0.0009965169941756,0.1022874942192838,-0.0066760451442827,0.0355223770591619,0.0008852112967805,0.0058553871409405,227.0808506285444,226.9373008406793,227.37845800485988,227.5098116052488,227.92863614862492,227.67122968708605,227.57267711299116,227.04904599842288,True,1.8074797999743168,0.1398157190946428,-0.2881500887295725,0.157601527915114,-0.0042133551517793,0.0673562620287363,-0.2289771189438342,0.1684079204378741,0.0008158463307594,0.1044071664610918,-0.020532881344816,0.0426240177092313,0.0119569852649806,0.0155541045086717,227.96024927680688,228.63543779921883,228.1942262595172,228.94892494947905,229.8030743649259,229.3331410773215,228.7636161582789,229.1298286057265,1.75,7.5,0.0579998920393821,1.1963198247335136,0.8159381773266546,1.0147810245576518,0.9046277617049512,0.9727245006497376,0.8768660048820434,1.0486647826675968,0.8031719599850835
