,sim_id,trajectory_type,disturbed_inputs,simulation_time (s),time_sample (s),N,M,mpc_success,num_iterations,mpc_RMSe,mpc_execution_time (s),operation,failed_rotors,ang_speed_percentages (%),mpc_min_phi (rad),mpc_max_phi (rad),mpc_phi (rad),mpc_std_phi (rad),mpc_min_theta (rad),mpc_max_theta (rad),mpc_mean_theta (rad),mpc_std_theta (rad),mpc_min_psi (rad),mpc_max_psi (rad),mpc_mean_psi (rad),mpc_std_psi (rad),nn_execution_time,nn_RMSe,nn_min_phi,nn_max_phi,nn_mean_phi,nn_std_phi,nn_min_theta,nn_max_theta,nn_mean_theta,nn_std_theta,nn_min_psi,nn_max_psi,nn_mean_psi,nn_std_psi
0,0,point,False,15,0.02,60,10,True,749,5.561962542560436e-10,36.67631189999065,normal,nan,100.0-100.0-100.0-100.0-100.0-100.0-100.0-100.0,-5.079627882776891e-15,9.545303920906995e-15,1.9084057733037053e-16,2.5898040825101318e-15,-2.189510663657763e-15,3.800431172956982e-15,1.8248867876743558e-17,1.037882046900977e-15,-2.6477580748430315e-16,8.8153435382305e-17,-1.8220867410420784e-17,7.266004846168783e-17,1.835464699996919,0.030855254218179667,-0.0011717801898632916,0.0007159892083801427,-2.7238986977212355e-06,0.00027385010675576505,-0.006644096945395006,0.0026432576745551734,-5.3198819899119075e-06,0.0012407835275319162,-0.011169029059223142,0.0,-0.00842017564444584,0.0017260218903099444
